Stock,Symbol,Type,Shares Held,Market Value,% of Portfolio,Previous % of Portfolio,Ranking,Change in shares,% Change,Change Type,% Ownership,Qtr first owned,sector,source_type,source_date,Avg Price,Recent Price
Microsoft corp.,MSFT,"",90985531.0,30601749000.0,6.4689,5.9231,1,-915914.0,-0.996626,reduction,1.2136475,Q3 2012,INFORMATION TECHNOLOGY,13F,12/31/2021,102.61,279.83
Broadcom ltd. (avago technologies),AVGO,"",31886912.0,21217797000.0,4.48523,3.7932,2,-2327569.0,-6.802877,reduction,7.8100374,Q4 2016,INFORMATION TECHNOLOGY,13F,12/31/2021,258.12,573.85
Meta platforms  inc.,FB,"",51769038.0,17413576000.0,3.68105,3.7925,3,2888336.0,5.90895,addition,2.2419768,Q1 2018,COMMUNICATIONS,13F,12/31/2021,176.4957,210.18
Amazon.com inc.,AMZN,"",3708960.0,12367596000.0,2.61438,2.5512,4,311805.0,9.178415,addition,0.7288986,Q3 2012,CONSUMER DISCRETIONARY,13F,12/31/2021,2089.4328,3034.13
Alphabet inc. class c,GOOG,"",4075940.0,11794901000.0,2.49332,2.5332,5,-81299.0,-1.955601,reduction,1.2913277,Q2 2015,COMMUNICATIONS,13F,12/31/2021,1147.17,2545.06
Netflix inc,NFLX,"",19053619.0,11479129000.0,2.42657,2.7505,6,-660353.0,-3.34967,reduction,4.3127737,Q3 2018,COMMUNICATIONS,13F,12/31/2021,390.17,341.13
Comcast corp.  class a,CMCSA,"",216322904.0,10887845000.0,2.30158,2.8058,7,-3119054.0,-1.421357,reduction,4.7818996,Q3 2012,COMMUNICATIONS,13F,12/31/2021,39.38,47.58
Unitedhealth group inc.,UNH,"",19342468.0,9713058000.0,2.05324,1.6576,8,790219.0,4.259424,addition,2.0557430,Q1 2017,HEALTH CARE,13F,12/31/2021,262.3056,534.82
Abbott laboratories,ABT,"",52397671.0,7374529000.0,1.5589,1.5391,9,-4591062.0,-8.056087,reduction,2.9712616,Q3 2012,HEALTH CARE,13F,12/31/2021,79.14,117.69
Philip morris international inc,PM,"",74223013.0,7050758000.0,1.49046,1.6061,10,131800.0,0.177889,addition,4.7891135,Q4 2013,CONSUMER STAPLES,13F,12/31/2021,79.9468,101.77
Charter communications inc,CHTR,"",9222156.0,6012728000.0,1.27103,1.6965,11,-977447.0,-9.583187,reduction,4.8159313,Q2 2015,COMMUNICATIONS,13F,12/31/2021,363.58,555.32
Jpmorgan chase & co. (chemical bank),JPM,"",37122333.0,5878376000.0,1.24263,1.4528,12,-1695231.0,-4.367175,reduction,1.2571871,Q3 2012,FINANCE,13F,12/31/2021,96.73,126.12
Mastercard inc,MA,"",14789616.0,5314216000.0,1.12337,1.0832,13,1160809.0,8.517319,addition,1.5251281,Q2 2015,FINANCE,13F,12/31/2021,312.4888,357.82
Intel corp.,INTC,"",102794608.0,5294042000.0,1.11911,1.333,14,-6642278.0,-6.069506,reduction,2.5244255,Q3 2017,INFORMATION TECHNOLOGY,13F,12/31/2021,49.13,45.67
Alphabet inc. class a,GOOGL,"",1694697.0,4909630000.0,1.03785,1.0764,15,-66483.0,-3.774912,reduction,0.5634811,Q3 2012,COMMUNICATIONS,13F,12/31/2021,1137.85,2534.6
Northrop grumman corp.,NOC,"",12625185.0,4886481000.0,1.03295,1.1166,16,-935437.0,-6.898187,reduction,8.0877826,Q1 2015,INDUSTRIALS,13F,12/31/2021,285.32,467.2
Transdigm group inc,TDG,"",6553399.0,4169759000.0,0.881445,0.9334,17,16648.0,0.254683,addition,11.8159991,Q1 2015,INDUSTRIALS,13F,12/31/2021,381.8181,638.48
Apple inc,AAPL,"",23360819.0,4148429000.0,0.876936,0.6404,18,3567976.0,18.026597,addition,0.1431472,Q3 2012,INFORMATION TECHNOLOGY,13F,12/31/2021,119.617,165.29
Chubb limited,CB,"",20949666.0,4049748000.0,0.856076,0.8868,19,-1407418.0,-6.295177,reduction,4.9151169,Q4 2016,FINANCE,13F,12/31/2021,136.74,210.52
Asml holding nv (adr),ASML,"",5072755.0,4040854000.0,0.854195,0.8495,20,89380.0,1.793564,addition,1.2479886,Q4 2015,INFORMATION TECHNOLOGY,13F,12/31/2021,189.5692,597.87
Conocophillips (phillips petroleum),COP,"",55414483.0,3999842000.0,0.845526,1.0184,21,-10316486.0,-15.695016,reduction,4.2642043,Q3 2012,ENERGY,13F,12/31/2021,45.88,101.37
Eog resources inc,EOG,"",42162610.0,3745435000.0,0.791747,0.8878,22,-6207231.0,-12.832854,reduction,7.2024888,Q3 2012,ENERGY,13F,12/31/2021,80.94,122.94
Fidelity national information services inc,FIS,"",34213281.0,3734671000.0,0.789471,0.8477,23,3742833.0,12.283485,addition,5.6125004,Q3 2020,FINANCE,13F,12/31/2021,137.5246,102.45
Visa inc,V,"",17088402.0,3703676000.0,0.782919,0.9016,24,-610461.0,-3.449154,reduction,1.0304003,Q4 2012,FINANCE,13F,12/31/2021,108.29,212.79
Crown castle international corp,CCI,"",17709352.0,3696349000.0,0.781371,0.6957,25,154919.0,0.882506,addition,4.0973519,Q3 2012,UTILITIES AND TELECOMMUNICATIONS,13F,12/31/2021,128.5378,192.68
Applied materials inc.,AMAT,"",23268369.0,3661525000.0,0.774009,0.6197,26,2209223.0,10.490563,addition,2.6339722,Q3 2018,INFORMATION TECHNOLOGY,13F,12/31/2021,69.2167,113.36
Taiwan semiconductor manufacturing co ltd adr,TSM,"",29792002.0,3584631000.0,0.757755,0.8088,27,-1898559.0,-5.990929,reduction,0.5744613,Q1 2014,INFORMATION TECHNOLOGY,13F,12/31/2021,44.9,98.36
Marsh & mclennan companies  inc.,MMC,"",20599612.0,3580496000.0,0.75688,0.7137,28,-10723.0,-0.052027,reduction,4.0972594,Q3 2012,FINANCE,13F,12/31/2021,67.44,169.76
Johnson & johnson co.,JNJ,"",20206219.0,3456752000.0,0.730722,0.7595,29,-365411.0,-1.776286,reduction,0.7685112,Q2 2016,HEALTH CARE,13F,12/31/2021,137.67,179.9
Exelon corp,EXC,"",83833445.22,3453694000.0,0.730076,0.6554,30,688503.97,0.828077,addition,6.1007402,Q3 2012,UTILITIES AND TELECOMMUNICATIONS,13F,12/31/2021,42.5687,49.03
Kla corp,KLAC,"",7531100.0,3238787000.0,0.684647,0.5711,31,63037.0,0.844088,addition,4.9969033,Q3 2019,INFORMATION TECHNOLOGY,13F,12/31/2021,154.2683,321.48
Raytheon technologies corp. (united technologies),RTX,"",36734748.0,3161345000.0,0.668276,0.689,32,1672755.0,4.77085,addition,2.4649753,Q3 2012,INDUSTRIALS,13F,12/31/2021,63.3342,104.27
Chevron corp. (standard oil of california),CVX,"",25855794.0,3034208000.0,0.641401,0.6283,33,-1230425.0,-4.542624,reduction,1.3276039,Q3 2012,ENERGY,13F,12/31/2021,105.99,171.59
Cme group inc,CME,"",13188121.0,3013006000.0,0.636919,0.4595,34,2795636.0,26.900554,addition,3.6692841,Q4 2012,FINANCE,13F,12/31/2021,131.8804,237.66
Blackrock inc. class a,BLK,"",3288052.0,3010396000.0,0.636367,0.6167,35,71631.0,2.227041,addition,2.1625888,Q3 2018,FINANCE,13F,12/31/2021,557.1617,688.17
Lyondellbasell industries nv,LYB,"",31560832.0,2910851000.0,0.615324,0.693,36,-736658.0,-2.280852,reduction,9.6219238,Q3 2018,MATERIALS,13F,12/31/2021,74.68,107.58
Carrier global corp.,CARR,"",53596655.0,2906921000.0,0.614493,0.6417,37,-634193.0,-1.169432,reduction,6.2832639,Q2 2020,INDUSTRIALS,13F,12/31/2021,36.26,41.28
Cvs health corp. (melville shoe),CVS,"",27821477.0,2870096000.0,0.606709,0.5317,38,414724.0,1.513218,addition,2.1197147,Q3 2012,CONSUMER STAPLES,13F,12/31/2021,74.1687,103.68
Companhia vale de rio doce s.a. adr,VALE,"",203688052.0,2855813000.0,0.60369,0.5982,39,16114413.0,8.59098,addition,4.0745433,Q1 2014,MATERIALS,13F,12/31/2021,13.9279,19.48
Edwards lifesciences corp.,EW,"",21931225.0,2841315000.0,0.600625,0.5352,40,1250416.0,6.046263,addition,3.5297984,Q2 2019,HEALTH CARE,13F,12/31/2021,66.2474,120.02
S&p global inc. (mcgraw-hill inc.),SPGI,"",5758638.0,2717673000.0,0.574488,0.5469,41,128640.0,2.284903,addition,1.6594214,Q3 2012,COMMUNICATIONS,13F,12/31/2021,277.7273,387.59
Linde plc (praxair inc.),LIN,"",7835794.0,2714440000.0,0.573805,0.3481,42,2646192.0,50.990269,addition,1.5287722,Q1 2020,MATERIALS,13F,12/31/2021,255.848,318.52
Gilead sciences inc.,GILD,"",36272461.0,2633998000.0,0.5568,0.63,43,-3177699.0,-8.054971,reduction,2.8928021,Q3 2012,HEALTH CARE,13F,12/31/2021,73.02,61.82
Anthem inc,ANTM,"",5638163.0,2613667000.0,0.552503,0.4433,44,437816.0,8.418977,addition,2.2261965,Q1 2019,HEALTH CARE,13F,12/31/2021,302.3874,516.72
Activision blizzard inc,ATVI,"",39139403.0,2604167000.0,0.550494,0.4404,45,14244622.0,57.21931,addition,5.0119420,Q4 2017,INFORMATION TECHNOLOGY,13F,12/31/2021,59.5652,78.93
Danaher corp.,DHR,"",7907683.0,2601625000.0,0.549957,0.549,46,20889.0,0.26486,addition,1.1054245,Q3 2013,HEALTH CARE,13F,12/31/2021,129.668,276.98
Sempra energy  inc.,SRE,"",19122893.0,2529473000.0,0.534705,0.6141,47,-2110505.0,-9.939554,reduction,5.9884737,Q4 2014,UTILITIES AND TELECOMMUNICATIONS,13F,12/31/2021,114.53,171.25
Pnc financial services group  inc. (the) (provident national trust co.),PNC,"",12472268.0,2500953000.0,0.528676,0.6529,48,-2124703.0,-14.55578,reduction,2.9805532,Q1 2018,FINANCE,13F,12/31/2021,133.25,175.0
Truist financial corp,TFC,"",40231691.0,2355540000.0,0.497937,0.6135,49,-5519034.0,-12.063271,reduction,3.0272305,Q4 2019,FINANCE,13F,12/31/2021,41.24,52.14
Intercontinental exchange inc,ICE,"",17208666.0,2353632000.0,0.497534,0.554,50,-3890881.0,-18.44059,reduction,3.0628451,Q4 2013,FINANCE,13F,12/31/2021,68.5,124.53
Discover financial services,DFS,"",19988256.0,2309887000.0,0.488287,0.5904,51,-1027227.0,-4.887953,reduction,7.0157941,Q4 2020,FINANCE,13F,12/31/2021,98.15,112.18
General mills co.,GIS,"",33819030.0,2278685000.0,0.481691,0.384,52,5742286.0,20.452108,addition,5.6158011,Q2 2020,CONSUMER STAPLES,13F,12/31/2021,62.1829,70.92
Darden restaurants inc,DRI,"",14974991.0,2255804000.0,0.476854,0.5217,53,-90843.0,-0.602974,reduction,11.7245223,Q4 2019,CONSUMER DISCRETIONARY,13F,12/31/2021,117.19,131.45
Equinix inc,EQIX,"",2575828.0,2178713000.0,0.460558,0.4523,54,72775.0,2.907449,addition,2.8392841,Q2 2018,INFORMATION TECHNOLOGY,13F,12/31/2021,521.4223,735.24
Kkr & co inc,KKR,"",28570804.0,2128525000.0,0.449949,0.3788,55,1351691.0,4.965963,addition,4.8838211,Q1 2020,FINANCE,13F,12/31/2021,34.0964,55.25
Moodys corp,MCO,"",5399363.0,2108927000.0,0.445806,0.4363,56,26067.0,0.485121,addition,2.9126359,Q3 2012,FINANCE,13F,12/31/2021,142.0357,328.4
Royal caribbean cruises ltd,RCL,"",27362504.0,2104262000.0,0.44482,0.5415,57,734952.0,2.760119,addition,10.7302771,Q2 2019,CONSUMER DISCRETIONARY,13F,12/31/2021,89.2978,82.58
Blackstone group inc,BX,"",16117769.0,2085478000.0,0.440849,0.4366,58,-297104.0,-1.809968,reduction,2.3465469,Q2 2019,FINANCE,13F,12/31/2021,47.21,112.98
Astrazeneca plc,AZN,"",35388789.0,2062518000.0,0.435995,0.4778,59,555607.0,1.595051,addition,1.1420011,Q4 2013,HEALTH CARE,13F,12/31/2021,43.7217,69.05
Coupang inc,CPNG,"",69895456.0,2053528000.0,0.434095,0.0416,60,63364316.0,970.187685,addition,4.4213661,Q3 2021,CONSUMER DISCRETIONARY,13F,12/31/2021,29.237,16.88
Micron technology  inc.,MU,"",21952963.0,2044928000.0,0.432277,0.3245,61,1953985.0,9.770424,addition,1.9604761,Q2 2019,INFORMATION TECHNOLOGY,13F,12/31/2021,51.3263,70.13
Hilton worldwide holdings inc,HLT,"",13091653.0,2041911000.0,0.431639,0.455,62,-1968612.0,-13.071563,reduction,4.6900108,Q3 2017,CONSUMER DISCRETIONARY,13F,12/31/2021,98.88,155.58
Paychex inc.,PAYX,"",14916781.0,2036137000.0,0.430419,0.38,63,132311.0,0.894932,addition,4.1348557,Q1 2020,INFORMATION TECHNOLOGY,13F,12/31/2021,79.51,136.69
Aon plc,AON,"",6652909.0,1999314000.0,0.422635,0.4759,64,-624217.0,-8.577796,reduction,3.0194873,Q2 2013,FINANCE,13F,12/31/2021,138.73,328.26
Air products & chemicals inc,APD,"",6411121.0,1950622000.0,0.412342,0.5095,65,-2290903.0,-26.326094,reduction,2.8915734,Q3 2018,MATERIALS,13F,12/31/2021,218.88,246.84
Keycorp  inc. (cleveland  ohio),KEY,"",83201801.0,1924458000.0,0.406811,0.3787,66,6586364.0,8.596654,addition,8.9680207,Q2 2020,FINANCE,13F,12/31/2021,14.1794,20.48
Digital realty trust  inc.,DLR,"",10715873.0,1895215000.0,0.400629,0.3555,67,-46924.0,-0.435983,reduction,3.7760207,Q1 2017,REAL ESTATE,13F,12/31/2021,133.13,145.02
Lilly (eli) & co.,LLY,"",6775684.0,1871810000.0,0.395682,0.3764,68,-350561.0,-4.919295,reduction,0.7114721,Q4 2014,HEALTH CARE,13F,12/31/2021,104.99,301.86
Adobe systems  inc.,ADBE,"",3259553.0,1848451000.0,0.390744,0.3699,69,449251.0,15.985862,addition,0.6900705,Q4 2018,INFORMATION TECHNOLOGY,13F,12/31/2021,356.9999,420.44
Netapp inc.,NTAP,"",19695064.0,1811702000.0,0.382975,0.4973,70,-4540745.0,-18.735686,reduction,8.8502641,Q3 2014,INFORMATION TECHNOLOGY,13F,12/31/2021,60.92,75.5
Honeywell international inc. (allied chemical and dye - allied signal),HON,"",8638889.0,1801122000.0,0.380739,0.4102,71,186814.0,2.210274,addition,1.2602654,Q3 2019,INDUSTRIALS,13F,12/31/2021,182.2406,195.19
Seagen inc,SGEN,"",11511540.0,1780275000.0,0.376332,0.5002,72,-1381970.0,-10.718338,reduction,6.2690120,Q1 2017,HEALTH CARE,13F,12/31/2021,71.65,149.72
Vici properties inc,VICI,"",58635272.0,1765365000.0,0.37318,0.3719,73,1388652.0,2.425736,addition,7.8346111,Q1 2020,REAL ESTATE,13F,12/31/2021,26.5367,29.09
Servicenow inc,NOW,"",2715913.0,1762964000.0,0.372673,0.4088,74,-158169.0,-5.503288,reduction,1.3579565,Q3 2018,INFORMATION TECHNOLOGY,13F,12/31/2021,258.37,507.33
Beigene ltd adr,BGNE,"",6343899.0,1719563000.0,0.363498,0.5247,75,19980.0,0.315943,addition,6.1846275,Q4 2018,HEALTH CARE,13F,12/31/2021,170.288,182.36
First republic bank (ca),FRC,"",8266870.0,1707194000.0,0.360883,0.3654,76,-19899.0,-0.24013,reduction,5.6774054,Q3 2018,FINANCE,13F,12/31/2021,98.39,160.75
Aes corp. (the),AES,"",69975664.0,1700403000.0,0.359448,0.3275,77,7233542.0,11.529004,addition,10.4848926,Q2 2014,UTILITIES AND TELECOMMUNICATIONS,13F,12/31/2021,21.1977,24.41
Norfolk southern corp.,NSC,"",5698911.0,1696343000.0,0.35859,0.3106,78,21021.0,0.370226,addition,2.3767503,Q3 2012,TRANSPORTS,13F,12/31/2021,138.5592,263.06
Dollar general corp.,DG,"",7176545.0,1692445000.0,0.357766,0.3064,79,860616.0,13.626119,addition,3.1356649,Q1 2021,CONSUMER DISCRETIONARY,13F,12/31/2021,208.4155,248.77
Ringcentral inc,RNG,"",8901739.0,1667741000.0,0.352543,0.3219,80,2427359.0,37.49176,addition,10.5387254,Q3 2018,UTILITIES AND TELECOMMUNICATIONS,13F,12/31/2021,189.9683,106.62
Keurig dr pepper inc,KDP,"",45108434.0,1662696000.0,0.351477,0.352,81,34640.0,0.076852,addition,3.1807755,Q3 2018,CONSUMER STAPLES,13F,12/31/2021,28.0668,37.24
Dow inc,DOW,"",28861921.0,1637060000.0,0.346058,0.4243,82,-3376066.0,-10.472323,reduction,3.9263334,Q2 2019,MATERIALS,13F,12/31/2021,49.0,65.49
Union pacific corp.,UNP,"",6383477.0,1608123000.0,0.339941,0.3193,83,-741803.0,-10.410861,reduction,1.0022747,Q4 2013,TRANSPORTS,13F,12/31/2021,175.93,246.21
V.f. corp. (vanity fair mills inc.),VFC,"",21740758.0,1591858000.0,0.336503,0.1831,84,9782346.0,81.803052,addition,5.5902969,Q4 2020,CONSUMER DISCRETIONARY,13F,12/31/2021,76.7238,56.2
Abbvie inc,ABBV,"",11615068.0,1572680000.0,0.332449,0.2392,85,1913451.0,19.723011,addition,0.6575988,Q1 2013,HEALTH CARE,13F,12/31/2021,101.6387,162.31
Tc energy corp,TRP,"",33803122.0,1572565000.0,0.332424,0.3261,86,4155520.0,14.016378,addition,3.4463866,Q1 2020,ENERGY,13F,12/31/2021,43.7948,57.46
Equifax inc.,EFX,"",5232867.0,1532115000.0,0.323874,0.4502,87,-2537444.0,-32.65563,reduction,4.2575069,Q3 2017,INDUSTRIALS,13F,12/31/2021,108.23,216.38
United parcel service  inc. class b,UPS,"",6925181.0,1484343000.0,0.313775,0.1391,88,3584871.0,107.321506,addition,0.9442980,Q2 2021,TRANSPORTS,13F,12/31/2021,202.1994,188.02
Home depot  inc. (the),HD,"",3560218.0,1477524000.0,0.312334,0.239,89,374732.0,11.763731,addition,0.3445317,Q3 2012,CONSUMER DISCRETIONARY,13F,12/31/2021,302.5227,304.52
Nike inc.,NKE,"",8852183.0,1475513000.0,0.311908,0.2516,90,1274615.0,16.820898,addition,0.5598058,Q1 2015,CONSUMER DISCRETIONARY,13F,12/31/2021,79.0059,133.46
Humana  inc.,HUM,"",3151994.0,1462210000.0,0.309096,0.2797,91,8127.0,0.258503,addition,2.4869121,Q2 2013,HEALTH CARE,13F,12/31/2021,323.842,460.56
Wolfspeed inc (cree inc),WOLF,"",12681535.0,1443919575.1,0.30523,,92,1382618.0,12.23673,addition,10.2622102,,INFORMATION TECHNOLOGY,13G,03/31/2022,,113.63
America movil s.a.b. de c.v. ads,AMX,"",66835733.0,1411002000.0,0.298271,0.2599,93,2484842.0,3.861395,addition,3.0873239,Q3 2012,UTILITIES AND TELECOMMUNICATIONS,13F,12/31/2021,15.0539,22.29
Trimble navigation ltd.,TRMB,"",16024244.0,1397170000.0,0.295348,0.3009,94,22462.0,0.140372,addition,6.3786828,Q2 2016,INFORMATION TECHNOLOGY,13F,12/31/2021,36.0817,67.47
Citizens financial group inc,CFG,"",29095135.0,1374753000.0,0.290609,0.248,95,6009500.0,26.031339,addition,6.8922501,Q3 2020,FINANCE,13F,12/31/2021,34.404,40.87
Travelers companies  inc. (the) (st. paul fire and marine insurance),TRV,"",8695213.0,1360192000.0,0.287531,0.4713,96,-4866325.0,-35.883283,reduction,3.6004914,Q1 2020,FINANCE,13F,12/31/2021,113.53,184.24
Entergy corp.,ETR,"",12028310.0,1354989000.0,0.286431,0.2332,97,1758132.0,17.118807,addition,5.9847907,Q2 2021,UTILITIES AND TELECOMMUNICATIONS,13F,12/31/2021,101.3965,124.2
Bank of america corp. (north carolina national bank),BAC,"",30388364.0,1351980000.0,0.285795,0.2946,98,31936.0,0.105203,addition,0.3767999,Q3 2019,FINANCE,13F,12/31/2021,31.8733,37.57
Waste connections inc,WCN,"",9816801.0,1337581000.0,0.282751,0.2822,99,16169.0,0.164979,addition,3.8066891,Q3 2014,INDUSTRIALS,13F,12/31/2021,67.0941,139.08
Centene corp,CNC,"",16138033.0,1329786000.0,0.281103,0.2604,100,-2145948.0,-11.736766,reduction,2.7686952,Q3 2018,HEALTH CARE,13F,12/31/2021,55.11,86.54
Chipotle mexican grill  inc.,CMG,"",750960.0,1312848000.0,0.277523,0.3342,101,-53027.0,-6.595505,reduction,2.6789433,Q4 2017,CONSUMER DISCRETIONARY,13F,12/31/2021,457.98,1603.17
Svb financial group,SIVB,"",1913271.0,1297657000.0,0.274311,0.304,102,-142573.0,-6.935011,reduction,3.2533321,Q1 2018,FINANCE,13F,12/31/2021,239.92,507.06
Merck & co,MRK,"",16887642.0,1294381000.0,0.273619,0.3936,103,-6037697.0,-26.336348,reduction,0.6685676,Q3 2012,HEALTH CARE,13F,12/31/2021,68.42,86.91
Centerpoint energy inc,CNP,"",45881246.0,1280546000.0,0.270694,0.258,104,1432.0,0.003121,addition,7.2893047,Q2 2020,UTILITIES AND TELECOMMUNICATIONS,13F,12/31/2021,22.1102,32.4
Godaddy inc,GDDY,"",15042125.0,1276275000.0,0.269792,0.2147,105,1569106.0,11.646284,addition,8.9978259,Q2 2015,COMMUNICATIONS,13F,12/31/2021,65.146,86.44
Bill.com holdings  inc.,BILL,"",5109364.0,1272998000.0,0.269099,0.3118,106,192.0,0.003758,addition,4.9325831,Q4 2020,INFORMATION TECHNOLOGY,13F,12/31/2021,156.3335,196.01
Verisign inc.,VRSN,"",4994122.0,1267608000.0,0.267959,0.2717,107,-804271.0,-13.870584,reduction,4.5332106,Q3 2018,COMMUNICATIONS,13F,12/31/2021,181.57,215.4
L3harris technologies inc,LHX,"",5940520.0,1266743000.0,0.267777,0.4345,108,-2689476.0,-31.164279,reduction,3.0770363,Q2 2019,INFORMATION TECHNOLOGY,13F,12/31/2021,184.5,257.41
Qualcomm inc.,QCOM,"",6843216.0,1251413000.0,0.264536,0.1237,109,2648829.0,63.151755,addition,0.6082418,Q1 2017,INFORMATION TECHNOLOGY,13F,12/31/2021,106.5607,136.91
Nextera energy inc.,NEE,"",13297003.0,1241344000.0,0.262407,0.2129,110,1438638.0,12.131841,addition,0.6774697,Q3 2018,UTILITIES AND TELECOMMUNICATIONS,13F,12/31/2021,72.1796,82.81
Sherwin-williams co.,SHW,"",3375591.0,1188688000.0,0.251277,0.1094,111,1664485.0,97.275388,addition,1.2955754,Q3 2018,MATERIALS,13F,12/31/2021,299.8727,252.9
Church & dwight co.  inc.,CHD,"",11334686.0,1161805000.0,0.245594,0.2233,112,-494017.0,-4.176426,reduction,4.6703315,Q2 2018,CONSUMER STAPLES,13F,12/31/2021,65.83,102.65
Mercadolibre inc,MELI,"",858798.0,1158679000.0,0.244933,0.1834,113,380242.0,79.456114,addition,1.7033228,Q2 2014,COMMUNICATIONS,13F,12/31/2021,907.7909,1060.34
Mondelez international inc. (kraft foods),MDLZ,"",17008751.0,1127779000.0,0.238401,0.1975,114,2162384.0,14.565072,addition,1.2192897,Q3 2012,CONSUMER STAPLES,13F,12/31/2021,45.5096,63.72
Pioneer natural resources co.,PXD,"",6105125.0,1110392000.0,0.234726,0.1601,115,1898932.0,45.146098,addition,2.5135969,Q3 2018,ENERGY,13F,12/31/2021,164.594,254.75
Texas instruments  inc.,TXN,"",5577307.0,1051189000.0,0.222211,0.2149,116,687706.0,14.064665,addition,0.6043388,Q3 2012,INFORMATION TECHNOLOGY,13F,12/31/2021,177.2483,173.66
Brookfield asset management inc,BAM,"",16994620.0,1026135000.0,0.216914,0.2076,117,20677.0,0.121816,addition,1.0354986,Q1 2021,REAL ESTATE,13F,12/31/2021,48.6143,54.63
Itt inc. (international telephone and telegraph),ITT,"",9913100.0,1013020000.0,0.214142,0.1814,118,669698.0,7.245146,addition,11.6214537,Q1 2021,INDUSTRIALS,13F,12/31/2021,89.975,72.23
American international group  inc.,AIG,"",17324965.0,985097000.0,0.208239,0.2388,119,-1707855.0,-8.97321,reduction,2.0865970,Q3 2020,FINANCE,13F,12/31/2021,37.64,63.03
Ryanair holdings adr,RYAAY,"",9547993.0,977025000.0,0.206533,0.2492,120,-354702.0,-3.581873,reduction,4.2080903,Q4 2015,TRANSPORTS,13F,12/31/2021,85.59,95.88
East west bancorp  inc.,EWBC,"",12181080.0,958446000.0,0.202606,0.2159,121,1626.0,0.01335,addition,8.5837556,Q1 2020,FINANCE,13F,12/31/2021,34.7659,74.96
Procter & gamble co. (oh) (1905),PG,"",5834568.0,954418000.0,0.201754,0.1955,122,-284066.0,-4.642638,reduction,0.2411030,Q3 2012,CONSUMER STAPLES,13F,12/31/2021,102.45,158.57
Arthur j. gallagher & co inc,AJG,"",5397092.0,915673000.0,0.193564,0.1733,123,298174.0,5.84779,addition,2.5747746,Q2 2020,FINANCE,13F,12/31/2021,108.5539,180.61
Gaming and leisure properties inc,GLPI,"",18775924.0,913586000.0,0.193123,0.1988,124,9102.0,0.0485,addition,7.8774226,Q1 2020,REAL ESTATE,13F,12/31/2021,38.7548,46.72
Mettler-toledo international  inc.,MTD,"",527029.0,894479000.0,0.189084,0.1657,125,719.0,0.136612,addition,2.3180793,Q2 2020,INFORMATION TECHNOLOGY,13F,12/31/2021,927.2319,1318.36
International flavors and fragrances  inc.,IFF,"",5893765.0,887894000.0,0.187692,0.1799,126,9019.0,0.153261,addition,2.3141418,Q1 2016,MATERIALS,13F,12/31/2021,135.7628,125.43
Edison international (southern california edison),EIX,"",12519754.0,854473000.0,0.180627,0.0345,127,9800598.0,360.427942,addition,3.2877835,Q3 2017,UTILITIES AND TELECOMMUNICATIONS,13F,12/31/2021,67.5702,71.84
Novocure ltd,NVCR,"",11332005.0,850846000.0,0.17986,0.2804,128,775189.0,7.343019,addition,10.8523967,Q4 2018,HEALTH CARE,13F,12/31/2021,96.9724,84.24
Glaxosmithkline plc adr,GSK,"",19118226.0,843114000.0,0.178226,0.1979,129,-3541985.0,-15.630856,reduction,0.7521545,Q4 2018,HEALTH CARE,13F,12/31/2021,38.97,46.32
Altria group  inc. (philip morris),MO,"",17727541.0,840078000.0,0.177584,0.1706,130,1348687.0,8.234318,addition,0.9755108,Q4 2013,CONSUMER STAPLES,13F,12/31/2021,54.0422,54.98
Broadcom inc  8.00% mandatory convertible preferred stock  series a due 9/30/2022,AVGOP,"",403937.0,838327000.0,0.177214,,131,403937.0,,new,10.8076789,Q4 2021,INFORMATION TECHNOLOGY,13F,12/31/2021,2075.39,1789.49
Nvr inc,NVR,"",139098.0,821912000.0,0.173744,0.1913,132,-35487.0,-20.326489,reduction,4.1396921,Q1 2021,CONSUMER DISCRETIONARY,13F,12/31/2021,4712.89,4335.45
Mks instruments inc,MKSI,"",4711201.0,820550000.0,0.173456,0.1561,133,186780.0,4.128263,addition,8.4860233,Q1 2019,INFORMATION TECHNOLOGY,13F,12/31/2021,101.9994,114.52
General motors co,GM,"",13682486.0,802201000.0,0.169577,0.0001,134,13676219.0,218225.929472,addition,0.9416576,Q3 2021,CONSUMER DISCRETIONARY,13F,12/31/2021,58.6273,40.13
Costco co.,COST,"",1357368.0,770359000.0,0.162846,0.1387,135,7557.0,0.559856,addition,0.3062486,Q1 2014,CONSUMER STAPLES,13F,12/31/2021,225.476,590.39
Abb ltd. adr,ABB,"",20173133.0,769836000.0,0.162735,0.1517,136,324811.0,1.636466,addition,0.9825463,Q3 2020,INDUSTRIALS,13F,12/31/2021,27.967,30.83
Tfi intl inc,TFII,"",6777111.0,758501000.0,0.160339,0.1175,137,1751258.0,34.84499,addition,7.3666272,Q2 2020,TRANSPORTS,13F,12/31/2021,69.068,81.23
Yandex n.v.,YNDX,"",12401049.0,750289000.0,0.158603,0.2348,138,-487872.0,-3.785204,reduction,3.8935563,Q4 2017,COMMUNICATIONS,13F,12/31/2021,51.75,18.94
Cms energy corp. (consumers power co.),CMS,"",11518370.0,749278000.0,0.15839,0.157,139,17469.0,0.151892,addition,3.9699786,Q2 2014,UTILITIES AND TELECOMMUNICATIONS,13F,12/31/2021,55.7841,71.55
Msci inc,MSCI,"",1210776.0,741827000.0,0.156815,0.1989,140,-219187.0,-15.328159,reduction,1.4898575,Q4 2018,FINANCE,13F,12/31/2021,299.91,482.7
Concentrix corp.,CNXC,"",4120003.0,735915000.0,0.155565,0.1417,141,618620.0,17.667876,addition,7.8749972,Q4 2020,INFORMATION TECHNOLOGY,13F,12/31/2021,140.5212,152.49
Microstrategy inc.,MSTR,"",1338625.0,728868000.0,0.154075,0.1389,142,288104.0,27.424868,addition,14.3607812,Q2 2021,INFORMATION TECHNOLOGY,13F,12/31/2021,632.4163,449.19
Zimmer biomet holdings inc,ZBH,"",5696429.42,702596000.0,0.148522,0.1309,143,1667139.46,41.375515,addition,2.6439342,Q2 2020,HEALTH CARE,13F,12/31/2021,137.4301,126.0
Enbridge  inc. (interprovincial pipe line system - ipl energy),ENB,"",17838401.0,696946000.0,0.147327,0.5951,144,-47557253.0,-72.722345,reduction,0.8803979,Q2 2013,ENERGY,13F,12/31/2021,35.87,46.22
Biohaven pharmaceutical holding co ltd,BHVN,"",5005826.0,689853000.0,0.145828,0.1704,145,-359239.0,-6.695893,reduction,7.0977526,Q2 2019,HEALTH CARE,13F,12/31/2021,43.28,110.88
Electronic arts  inc.,EA,"",5213684.0,687826000.0,0.145399,0.2096,146,-1230418.0,-19.093708,reduction,1.8539371,Q2 2019,INFORMATION TECHNOLOGY,13F,12/31/2021,136.31,122.6
Athene holding ltd class a,ATH,"",8235931.0,686300000.0,0.145077,0.0936,147,2291859.0,38.557053,addition,N/A,Q2 2021,FINANCE,13F,12/31/2021,72.0711,
Hormel foods corp.,HRL,"",13780558.0,672613000.0,0.142184,0.1061,148,2463310.0,21.765981,addition,2.5285538,Q1 2017,CONSUMER STAPLES,13F,12/31/2021,41.2709,53.43
Kraft heinz co. (the),KHC,"",18412362.0,661004000.0,0.13973,0.1546,149,39508.0,0.215035,addition,1.5045973,Q3 2015,CONSUMER STAPLES,13F,12/31/2021,36.369,42.29
Celanese corp,CE,"",3813164.0,640825000.0,0.135464,0.1994,150,-1976292.0,-34.136057,reduction,3.5297509,Q3 2012,MATERIALS,13F,12/31/2021,82.81,145.17
Evergy inc,EVRG,"",9271048.0,636087000.0,0.134462,0.1138,151,1266945.0,15.828694,addition,4.0431482,Q3 2021,UTILITIES AND TELECOMMUNICATIONS,13F,12/31/2021,63.076,70.81
Novo-nordisk a/s ads,NVO,"",5653043.0,631330000.0,0.133457,0.1202,152,179049.0,3.270902,addition,0.3189190,Q1 2014,HEALTH CARE,13F,12/31/2021,63.9032,118.2
Nvidia corp.,NVDA,"",2119452.0,623352000.0,0.13177,0.0556,153,946341.0,80.669348,addition,0.0844403,Q4 2020,INFORMATION TECHNOLOGY,13F,12/31/2021,243.5037,212.58
Western alliance bancorporation,WAL,"",5772487.0,621408000.0,0.131359,0.1434,154,8134.0,0.141109,addition,5.3949817,Q4 2020,FINANCE,13F,12/31/2021,81.8963,75.66
Armstrong world industries inc.,AWI,"",5304753.0,615988000.0,0.130214,0.1262,155,-477836.0,-8.263357,reduction,11.1736132,Q1 2019,INDUSTRIALS,13F,12/31/2021,85.72,92.2
Aramark,ARMK,"",16340839.0,602160000.0,0.12729,0.1077,156,2000000.0,13.946185,addition,6.3633603,Q3 2019,CONSUMER DISCRETIONARY,13F,12/31/2021,31.0139,37.02
Signature bank (new york  ny),SBNY,"",1852495.0,599227000.0,0.12667,,157,1852495.0,,new,3.0552795,Q4 2021,FINANCE,13F,12/31/2021,323.47,265.91
Yum! brands  inc. (tricon global restaurants),YUM,"",4298049.0,596758000.0,0.126149,0.1149,158,188420.0,4.584842,addition,1.4873121,Q2 2015,CONSUMER DISCRETIONARY,13F,12/31/2021,95.2208,122.97
Ametek inc.,AME,"",4054284.0,596005000.0,0.125989,0.1073,159,273504.0,7.234063,addition,1.7538039,Q2 2020,INDUSTRIALS,13F,12/31/2021,112.3029,127.05
On semiconductor corp,ON,"",8735462.0,593313000.0,0.12542,0.1293,160,-3617638.0,-29.285264,reduction,2.0197702,Q1 2015,INFORMATION TECHNOLOGY,13F,12/31/2021,13.01,53.26
State street corp. (state street bank & trust co.  boston  ma),STT,"",6301353.0,586057000.0,0.123886,0.122,161,5026.0,0.079824,addition,1.7213644,Q3 2012,FINANCE,13F,12/31/2021,66.0115,75.81
Amgen  inc.,AMGN,"",2589860.0,582666000.0,0.12317,0.1259,162,235.0,0.009075,addition,0.4597935,Q3 2012,HEALTH CARE,13F,12/31/2021,191.2631,254.02
Cigna holding co,CI,"",2428802.0,557726000.0,0.117898,0.1126,163,-31065.0,-1.262873,reduction,0.7628704,Q4 2018,FINANCE,13F,12/31/2021,182.23,259.21
Estee lauder companies inc.,EL,"",1502421.0,556077000.0,0.117549,0.0969,164,90970.0,6.44514,addition,0.6464125,Q1 2019,CONSUMER STAPLES,13F,12/31/2021,174.5875,263.87
Ubs group ag adr,UBS,"",30810245.0,555113000.0,0.117345,0.1686,165,-15307431.0,-33.192113,reduction,0.8321644,Q4 2015,FINANCE,13F,12/31/2021,12.35,17.61
Burlington stores inc,BURL,"",1895233.0,552483000.0,0.116789,0.1232,166,-4911.0,-0.258454,reduction,2.8503319,Q3 2020,CONSUMER DISCRETIONARY,13F,12/31/2021,209.65,213.85
Okta inc,OKTA,"",2398347.0,537637000.0,0.113651,0.1344,167,-77913.0,-3.146398,reduction,1.6018889,Q2 2020,INFORMATION TECHNOLOGY,13F,12/31/2021,239.4,143.57
Ares management lp,ARES,"",6586942.0,535321000.0,0.113161,0.1112,168,0.0,0.0,,3.9298386,Q3 2018,FINANCE,13F,12/31/2021,25.45,77.3
Dun & bradstreet holdings  inc.,DNB,"",25493020.0,522352000.0,0.11042,0.092,169,1562598.0,6.529755,addition,5.9125781,Q3 2020,INFORMATION TECHNOLOGY,13F,12/31/2021,23.5032,17.06
Jacobs engineering group inc,J,"",3744454.0,521340000.0,0.110206,0.1196,170,-202288.0,-5.125443,reduction,2.8978098,Q3 2020,INDUSTRIALS,13F,12/31/2021,92.79,144.66
Lockheed martin corp.,LMT,"",1442998.0,512828000.0,0.108407,0.1415,171,-350830.0,-19.557616,reduction,0.5413934,Q3 2012,INDUSTRIALS,13F,12/31/2021,321.02,467.66
Infosys ltd adr,INFY,"",20180621.0,510794000.0,0.107977,0.1024,172,53906.0,0.267833,addition,0.4798581,Q1 2020,INFORMATION TECHNOLOGY,13F,12/31/2021,9.3926,20.46
Pg&e corp. (pacific gas & electric),PCG,"",41766386.0,507044000.0,0.107184,0.0605,173,14215581.0,51.597697,addition,1.6942854,Q2 2020,UTILITIES AND TELECOMMUNICATIONS,13F,12/31/2021,11.7574,12.3
Whirlpool corp. (de),WHR,"",2144170.0,503151000.0,0.106361,0.0905,174,202346.0,10.420409,addition,3.6582932,Q2 2021,CONSUMER DISCRETIONARY,13F,12/31/2021,213.4502,170.55
Wynn resorts ltd,WYNN,"",5902114.0,501916000.0,0.1061,0.1287,175,-743000.0,-11.181148,reduction,5.0916126,Q2 2015,CONSUMER DISCRETIONARY,13F,12/31/2021,110.87,73.97
Oak street health  inc.,OSH,"",15122281.0,501362000.0,0.105983,0.1346,176,1289911.0,9.325307,addition,6.2750448,Q3 2020,INFORMATION TECHNOLOGY,13F,12/31/2021,50.0894,25.9
Nice ltd adr,NICE,"",1595672.0,484949000.0,0.102513,0.0923,177,173064.0,12.165263,addition,2.5279398,Q2 2021,INFORMATION TECHNOLOGY,13F,12/31/2021,267.4391,214.0
Saia inc,SAIA,"",1437238.0,484392000.0,0.102396,0.0611,178,314246.0,27.982924,addition,5.4427356,Q4 2019,TRANSPORTS,13F,12/31/2021,212.404,199.73
Tjx companies inc.,TJX,"",6375982.0,484065000.0,0.102326,0.0961,179,4144.0,0.065036,addition,0.5345039,Q4 2020,CONSUMER DISCRETIONARY,13F,12/31/2021,66.5961,62.71
Icici bank ltd. ads adr,IBN,"",24370101.0,482229000.0,0.101938,0.1199,180,-3427294.0,-12.329551,reduction,0.7018710,Q4 2012,FINANCE,13F,12/31/2021,9.15,19.69
Equitrans midstream corp,ETRN,"",46489934.0,480467000.0,0.101566,0.1054,181,1051375.0,2.313839,addition,10.7039954,Q1 2019,ENERGY,13F,12/31/2021,14.1225,8.21
Gerdau sa adr,GGB,"",97116987.0,477802000.0,0.101002,0.1089,182,300587.0,0.310471,addition,8.4742006,Q4 2018,MATERIALS,13F,12/31/2021,3.4645,6.19
Amphenol corp. (1987),APH,"",5412619.0,473387000.0,0.100069,0.0905,183,4075.0,0.075344,addition,0.9037000,Q1 2020,INFORMATION TECHNOLOGY,13F,12/31/2021,36.4984,70.38
Verizon communications (bell atlantic corp.),VZ,"",8994903.0,467390000.0,0.0988015,0.1248,184,-1112954.0,-11.010781,reduction,0.2142754,Q3 2012,UTILITIES AND TELECOMMUNICATIONS,13F,12/31/2021,50.5,53.83
Ultragenyx pharmaceutical inc,RARE,"",5369774.0,451547000.0,0.0954524,0.1168,185,-295419.0,-5.214633,reduction,7.7391244,Q3 2016,HEALTH CARE,13F,12/31/2021,64.98,85.4
Eldorado resorts inc,CZR,"",4824281.0,451215000.0,0.0953823,0.1136,186,398455.0,9.002952,addition,2.2530372,Q2 2021,CONSUMER DISCRETIONARY,13F,12/31/2021,102.9059,68.88
Shopify inc,SHOP,"",324055.0,446350000.0,0.0943538,0.0636,187,118883.0,57.943092,addition,0.2842732,Q1 2020,COMMUNICATIONS,13F,12/31/2021,1169.8152,579.51
Vertex pharmaceuticals  inc.,VRTX,"",2027232.0,445192000.0,0.0941091,0.1638,188,-1922320.0,-48.671849,reduction,0.7963149,Q3 2018,HEALTH CARE,13F,12/31/2021,212.37,287.97
Schlumberger ltd.,SLB,"",14846975.0,444632000.0,0.0939907,0.1027,189,-307997.0,-2.032317,reduction,1.0507270,Q3 2012,ENERGY,13F,12/31/2021,53.45,43.25
Ppg industries  inc. (pittsburgh plate glass),PPG,"",2576867.0,444355000.0,0.0939321,0.1924,190,-3308541.0,-56.216001,reduction,1.0912079,Q2 2020,MATERIALS,13F,12/31/2021,115.59,128.27
Webster financial corp.,WBS,"",7864472.0,439170000.0,0.0928361,0.0938,191,326552.0,4.332123,addition,4.3791198,Q3 2018,FINANCE,13F,12/31/2021,51.3447,50.46
Apollo global management inc,APO,"",6044249.0,437785000.0,0.0925433,0.0851,192,47.0,0.000778,addition,2.6016912,Q3 2018,FINANCE,13F,12/31/2021,38.6303,
American tower corp.  class a,AMT,"",1495794.0,437409000.0,0.0924638,0.0989,193,-132505.0,-8.137633,reduction,0.3281079,Q2 2014,UTILITIES AND TELECOMMUNICATIONS,13F,12/31/2021,152.64,255.54
Kulicke & soffa industries inc.,KLIC,"",7162248.0,433602000.0,0.091659,0.0826,194,962656.0,15.527732,addition,11.4963063,Q4 2020,INFORMATION TECHNOLOGY,13F,12/31/2021,56.3246,51.19
Csx corp,CSX,"",11528689.0,433160000.0,0.0915656,0.1,195,-3158546.0,-21.505382,reduction,0.5291836,Q3 2017,TRANSPORTS,13F,12/31/2021,20.95,35.06
Anheuser-busch inbev sa adr,BUD,"",7091629.0,429398000.0,0.0907704,0.1494,196,-4462397.0,-38.622009,reduction,0.4082405,Q4 2019,CONSUMER STAPLES,13F,12/31/2021,58.23,58.78
Analog devices inc,ADI,"",2437353.0,428414000.0,0.0905624,0.0737,197,511766.0,26.577142,addition,0.4657524,Q1 2016,INFORMATION TECHNOLOGY,13F,12/31/2021,108.1749,156.5
Nuvei corp,NUVCF,"",7877823.0,427687010.67,0.0904087,,198,3680124.0,87.670031,addition,12.4487829,, ,13G,02/28/2022,,66.27
Dollar tree inc.,DLTR,"",3014260.0,423564000.0,0.0895371,0.066,199,78.0,0.002588,addition,1.3390145,Q1 2021,CONSUMER DISCRETIONARY,13F,12/31/2021,112.1207,173.05
Thermo fisher scientific  inc.,TMO,"",631248.0,421190000.0,0.0890353,0.1116,200,-223557.0,-26.152982,reduction,0.1613654,Q3 2018,HEALTH CARE,13F,12/31/2021,280.83,568.9
Sap se adr,SAP,"",2970714.0,416556000.0,0.0880557,0.0961,201,-129322.0,-4.171629,reduction,0.2418155,Q4 2018,INFORMATION TECHNOLOGY,13F,12/31/2021,131.81,103.89
Tradeweb markets inc,TW,"",4121366.0,412714000.0,0.0872435,,202,4121366.0,,new,3.8513909,Q4 2021,FINANCE,13F,12/31/2021,100.14,85.69
Hilton grand vacations inc,HGV,"",7909060.0,412141000.0,0.0871224,0.0858,203,22835.0,0.289556,addition,6.5838675,Q3 2018,CONSUMER DISCRETIONARY,13F,12/31/2021,33.0951,49.28
Sea ltd adr,SE,"",1779694.0,398137000.0,0.0841621,0.1185,204,153644.0,9.44891,addition,0.4449468,Q3 2020,INFORMATION TECHNOLOGY,13F,12/31/2021,214.5642,108.58
Danaher conv pref shs series b,DHR/PB,"",228749.0,397605000.0,0.0840496,,205,228749.0,,new,N/A,Q4 2021, ,13F,12/31/2021,,
Trinity industries inc,TRN,"",12806825.0,386347000.0,0.0816698,0.0798,206,-25259.0,-0.196843,reduction,15.3665683,Q4 2019,INDUSTRIALS,13F,12/31/2021,21.71,31.74
Norwegian cruise line holdings ltd,NCLH,"",18366928.0,380930000.0,0.0805247,0.0755,207,6003809.0,48.562252,addition,4.4036285,Q4 2020,CONSUMER DISCRETIONARY,13F,12/31/2021,25.122,21.64
Lear corp,LEA,"",2071591.0,378998000.0,0.0801163,,208,2071591.0,,new,3.4698264,Q4 2021,CONSUMER DISCRETIONARY,13F,12/31/2021,182.95,128.12
Relx plc adr,RELX,"",11432027.0,372187000.0,0.0786765,0.0739,209,231578.0,2.067578,addition,0.5909178,Q4 2017,COMMUNICATIONS,13F,12/31/2021,23.1261,31.58
Molina healthcare inc,MOH,"",1155000.0,367382000.0,0.0776608,0.0703,210,20907.0,1.8435,addition,1.9685202,Q3 2018,HEALTH CARE,13F,12/31/2021,173.1714,335.94
Atlassian corp plc,TEAM,"",959702.0,366486000.0,0.0774714,0.0851,211,7310.0,0.767541,addition,0.6989422,Q4 2020,INFORMATION TECHNOLOGY,13F,12/31/2021,223.0545,265.35
Old dominion freight line inc,ODFL,"",1007124.0,360933000.0,0.0762976,0.0658,212,10.0,0.000993,addition,0.8767984,Q3 2018,TRANSPORTS,13F,12/31/2021,72.6128,264.75
Lam research corp.,LRCX,"",489989.0,352359000.0,0.0744851,0.0411,213,173774.0,54.954382,addition,0.3512462,Q4 2020,INFORMATION TECHNOLOGY,13F,12/31/2021,610.1179,456.16
Caterpillar inc.,CAT,"",1684769.0,348309000.0,0.073629,0.3381,214,-6018821.0,-78.13008,reduction,0.3143882,Q3 2019,INDUSTRIALS,13F,12/31/2021,133.86,227.81
Helen of troy ltd.,HELE,"",1416328.0,346250000.0,0.0731937,0.0528,215,388569.0,37.807404,addition,5.8678551,Q3 2020,CONSUMER STAPLES,13F,12/31/2021,227.3229,204.62
Blue owl cap class a,OWL,"",22936362.0,341981000.0,0.0722913,0.0163,216,18344821.0,399.535167,addition,5.6644264,Q3 2021,FINANCE,13F,12/31/2021,15.0401,14.09
Aptiv plc,APTV,"",2050997.0,338312000.0,0.0715157,,217,2050997.0,,new,0.7570619,Q4 2021,INDUSTRIALS,13F,12/31/2021,164.95,107.51
Marriott international inc/md,MAR,"",2046996.0,338246000.0,0.0715018,0.0693,218,1086.0,0.053082,addition,0.6255065,Q3 2017,CONSUMER DISCRETIONARY,13F,12/31/2021,127.0203,180.51
Everest re group ltd.,RE,"",1219979.0,334183000.0,0.0706429,0.0767,219,-118306.0,-8.84012,reduction,3.1064963,Q3 2019,FINANCE,13F,12/31/2021,230.32,290.57
Waste management  inc.,WM,"",1972617.0,329162000.0,0.0695815,0.0673,220,1019.0,0.051684,addition,0.4758032,Q3 2012,INDUSTRIALS,13F,12/31/2021,53.2887,159.16
Pinterest inc,PINS,"",8884176.0,322940000.0,0.0682662,0.0882,221,1312789.0,17.338818,addition,1.5599528,Q2 2019,COMMUNICATIONS,13F,12/31/2021,43.9093,22.16
Elastic nv,ESTC,"",2617183.0,322149000.0,0.068099,0.0891,222,71.0,0.002713,addition,2.8000548,Q4 2018,INFORMATION TECHNOLOGY,13F,12/31/2021,77.2512,90.0
Hutchmed (china) ltd,HCM,"",9054891.0,317923000.0,0.0672057,0.0746,223,128422.0,1.438665,addition,5.2368814,Q1 2019,HEALTH CARE,13F,12/31/2021,30.2002,17.22
Iridium communications inc,IRDM,"",7695776.0,317759000.0,0.067171,0.0696,224,51700.0,0.676341,addition,5.9948345,Q3 2018,UTILITIES AND TELECOMMUNICATIONS,13F,12/31/2021,26.0829,40.51
Trip.com group ltd,TCOM,"",12904451.0,317708000.0,0.0671602,0.0905,225,27238.0,0.211521,addition,2.0243660,Q4 2014,CONSUMER DISCRETIONARY,13F,12/31/2021,33.142,23.14
Square inc,SQ,"",1960395.0,316623000.0,0.0669309,0.073,226,629802.0,47.33243,addition,0.3781907,Q3 2020,FINANCE,13F,12/31/2021,180.0056,121.31
British american tobacco industries,BTI,"",8388955.0,313135000.0,0.0661936,0.0856,227,-1985121.0,-19.135401,reduction,0.3670236,Q2 2017,CONSUMER STAPLES,13F,12/31/2021,37.65,42.86
Barrick gold corp,GOLD,"",16321923.0,310117000.0,0.0655556,0.0671,228,63070.0,0.387912,addition,0.9173067,Q2 2013,MATERIALS,13F,12/31/2021,19.4184,25.2
Lightspeed pos inc.,LSPD,"",7512218.0,303424000.0,0.0641407,0.1507,229,686894.0,10.063903,addition,5.0583608,Q3 2020,INFORMATION TECHNOLOGY,13F,12/31/2021,80.434,25.47
Etsy inc,ETSY,"",1369536.0,299846000.0,0.0633844,0.0377,230,577075.0,72.820618,addition,1.0780951,Q3 2021,CONSUMER DISCRETIONARY,13F,12/31/2021,212.5866,115.79
Incyte corporation,INCY,"",4059057.0,297935000.0,0.0629804,0.0649,231,-70621.0,-1.710085,reduction,1.8339788,Q3 2014,HEALTH CARE,13F,12/31/2021,83.33,81.74
Guardant health inc,GH,"",2971384.0,297198000.0,0.0628246,0.0615,232,818309.0,38.006526,addition,2.9169583,Q4 2020,HEALTH CARE,13F,12/31/2021,122.6639,71.99
Air lease corp,AL,"",7012381.0,292837030.56,0.0619028,,233,-6165801.0,-46.787948,reduction,6.1377998,,FINANCE,13G,02/28/2022,,43.32
Vail resorts inc,MTN,"",881664.0,289098000.0,0.0611124,0.0673,234,8.0,0.000907,addition,2.1740741,Q4 2018,CONSUMER DISCRETIONARY,13F,12/31/2021,184.6013,260.48
Danaher corp  4.75% mandatory convertible preferred stock series a,DHR+A,"",130932.0,287265000.0,0.0607249,,235,130932.0,,new,N/A,Q4 2021,HEALTH CARE,13F,12/31/2021,2194.0,1841.01
Onemain holdings inc,OMF,"",5558554.0,278150000.0,0.0587981,,236,5558554.0,,new,4.3610403,Q4 2021,FINANCE,13F,12/31/2021,50.04,46.1
Crispr therapeutics ag,CRSP,"",3591160.0,272138000.0,0.0575272,0.1069,237,-586507.0,-14.039104,reduction,4.6926728,Q3 2018,HEALTH CARE,13F,12/31/2021,81.5,62.19
Booking holdings inc. (priceline),BKNG,"",112748.0,270508000.0,0.0571826,0.0814,238,-37227.0,-24.822137,reduction,0.2745700,Q3 2012,CONSUMER DISCRETIONARY,13F,12/31/2021,1708.15,2227.29
Frontier communications parent inc,FYBR,"",9144485.0,269671000.0,0.0570057,0.0212,239,5822136.0,175.241553,addition,3.7412845,Q2 2021,UTILITIES AND TELECOMMUNICATIONS,13F,12/31/2021,28.8324,28.87
Unilever plc adr,UL,"",5013676.0,269635000.0,0.0569981,0.0623,240,-11477.0,-0.228391,reduction,0.1956462,Q2 2020,CONSUMER STAPLES,13F,12/31/2021,56.52,44.66
Simpson manufacturing co.  inc.,SSD,"",1902658.0,264603000.0,0.0559344,0.0066,241,1632209.0,603.518223,addition,4.3885876,Q2 2021,INDUSTRIALS,13F,12/31/2021,135.0005,105.26
General dynamics corp. (electric boat),GD,"",1240937.0,258698000.0,0.0546861,0.0556,242,-178.0,-0.014342,reduction,0.4461612,Q3 2012,INDUSTRIALS,13F,12/31/2021,153.22,243.74
Inari medical  inc.,NARI,"",2815886.0,257006000.0,0.0543285,0.0459,243,338948.0,13.684154,addition,5.5630951,Q2 2020,HEALTH CARE,13F,12/31/2021,77.3718,89.5
Globant s.a.,GLOB,"",818071.0,256948000.0,0.0543162,0.0285,244,375040.0,84.653218,addition,1.9528610,Q4 2019,INFORMATION TECHNOLOGY,13F,12/31/2021,203.3419,233.49
Summit materials inc,SUM,"",6384589.0,256277000.0,0.0541743,0.0292,245,2383606.0,59.575509,addition,5.3847965,Q2 2021,INDUSTRIALS,13F,12/31/2021,36.1419,29.0
Morgan stanley,MS,"",2605964.0,255801000.0,0.0540737,,246,2605964.0,,new,0.1452266,Q4 2021,FINANCE,13F,12/31/2021,98.16,84.76
Suncor energy  inc.,SU,"",10048346.0,251417000.0,0.053147,0.0499,247,-481147.0,-4.569517,reduction,0.6995998,Q2 2017,ENERGY,13F,12/31/2021,37.17,33.76
Constellation brands  inc.,STZ,"",994172.0,249507000.0,0.0527432,0.0479,248,227.0,0.022838,addition,0.6049513,Q2 2020,CONSUMER STAPLES,13F,12/31/2021,180.6061,251.42
Pacific biosciences of california  inc.,PACB,"",12106318.0,247695000.0,0.0523602,0.0666,249,712191.0,6.25051,addition,5.4734531,Q4 2019,HEALTH CARE,13F,12/31/2021,13.4765,7.54
Tusimple holdings inc,TSP,"",6781789.0,243127000.0,0.0513946,0.0686,250,-1298673.0,-16.071767,reduction,3.4225763,Q2 2021,INFORMATION TECHNOLOGY,13F,12/31/2021,71.24,11.19
Paccar inc.,PCAR,"",2737775.0,241636000.0,0.0510794,0.0493,251,7566.0,0.277122,addition,0.7874531,Q1 2020,INDUSTRIALS,13F,12/31/2021,70.8782,83.71
Pepsico inc. (loft  inc.),PEP,"",1384679.0,240532000.0,0.050846,0.1118,252,-1864942.0,-57.389523,reduction,0.1001465,Q1 2020,CONSUMER STAPLES,13F,12/31/2021,129.58,171.9
Digitalbridge group inc,DBRG,"",28570127.0,237989000.0,0.0503085,0.0332,253,4521353.0,18.800763,addition,5.0217635,Q4 2020,REAL ESTATE,13F,12/31/2021,5.9647,7.14
Mattel inc.,MAT,"",10955691.0,236205000.0,0.0499313,0.0465,254,241.0,0.0022,addition,3.1102836,Q3 2018,CONSUMER DISCRETIONARY,13F,12/31/2021,17.5901,22.19
Dexcom inc,DXCM,"",436227.0,234232000.0,0.0495143,0.0437,255,86480.0,24.726445,addition,0.4494145,Q1 2020,HEALTH CARE,13F,12/31/2021,385.9636,492.11
Vir biotechnology  inc.,VIR,"",5505566.0,230518000.0,0.0487292,0.0868,256,-3218090.0,-36.889235,reduction,4.1613135,Q4 2019,HEALTH CARE,13F,12/31/2021,33.28,23.93
Goosehead insurance inc,GSHD,"",1756923.0,228541000.0,0.0483112,0.0662,257,-144000.0,-7.575267,reduction,8.8740875,Q2 2021,FINANCE,13F,12/31/2021,145.71,65.39
Mongodb inc,MDB,"",431066.0,228185000.0,0.048236,0.0627,258,-150627.0,-25.894587,reduction,0.6379893,Q3 2018,INFORMATION TECHNOLOGY,13F,12/31/2021,171.53,416.5
Pagseguro digital ltd,PAGS,"",8495231.0,222745000.0,0.047086,0.0885,259,1007953.0,13.462209,addition,4.2168010,Q3 2020,FINANCE,13F,12/31/2021,44.7019,17.1
Molson coors brewing co,TAP,"",4672040.0,216549000.0,0.0457763,0.0478,260,167200.0,3.711564,addition,2.3290449,Q2 2020,CONSUMER STAPLES,13F,12/31/2021,38.8774,55.61
Epam systems  inc.,EPAM,"",320097.0,213969000.0,0.0452309,0.0417,261,3.0,0.000937,addition,0.5627729,Q3 2018,INFORMATION TECHNOLOGY,13F,12/31/2021,166.2947,290.06
Paypal holdings inc,PYPL,"",1132154.0,213522000.0,0.0451364,0.265,262,-3322135.0,-74.582835,reduction,0.0971802,Q3 2019,COMMUNICATIONS,13F,12/31/2021,224.09,102.31
Idexx laboratories inc.,IDXX,"",321140.0,211458000.0,0.0447001,0.0456,263,554.0,0.172809,addition,0.3811792,Q3 2019,HEALTH CARE,13F,12/31/2021,410.5384,496.78
Cable one inc,CABO,"",116782.0,206079000.0,0.043563,0.0483,264,371.0,0.318698,addition,1.9271946,Q1 2019,CONSUMER DISCRETIONARY,13F,12/31/2021,1211.519,1428.0
Xcel energy inc. (northern states power co. (mn)),XEL,"",2987490.0,202290000.0,0.042762,0.0725,265,-2085938.0,-41.114962,reduction,0.5489553,Q2 2020,UTILITIES AND TELECOMMUNICATIONS,13F,12/31/2021,63.09,74.34
Aes corp. (the) 6.875% equity units due 02/15/2024,AESC,"",2083959.0,200060000.0,0.0422906,0.0459,266,600.0,0.0288,addition,1.2128780,Q1 2021,UTILITIES AND TELECOMMUNICATIONS,13F,12/31/2021,103.4678,97.1
Mgm growth properties llc,MGP,"",4876742.0,199215000.0,0.042112,0.0427,267,20.0,0.00041,addition,3.1111527,Q1 2021,REAL ESTATE,13F,12/31/2021,37.11,39.54
Royalty pharma plc,RPRX,"",4988792.0,198803000.0,0.0420249,0.0412,268,1325.0,0.026567,addition,1.1522432,Q2 2020,HEALTH CARE,13F,12/31/2021,48.0078,44.1
Ishares msci eafe etf,EFA,"",2521932.0,198602000.0,0.0419824,0.0078,269,2085669.0,478.076069,addition,No Data,Q2 2020,FINANCE,13F,12/31/2021,77.9344,72.02
Enphase energy inc,ENPH,"",1083953.0,198298000.0,0.0419182,0.0689,270,-924867.0,-46.040312,reduction,0.8093093,Q4 2020,INFORMATION TECHNOLOGY,13F,12/31/2021,178.0,190.51
Trupanion inc,TRUP,"",1487447.0,196388000.0,0.0415144,0.0246,271,102630.0,7.411088,addition,3.6722272,Q1 2021,FINANCE,13F,12/31/2021,88.878,81.07
Bwx technologies inc,BWXT,"",4067767.0,194765000.0,0.0411713,0.1,272,-4050328.0,-49.892592,reduction,4.4505378,Q2 2019,INDUSTRIALS,13F,12/31/2021,56.2,55.83
Allegheny technologies inc,ATI,"",12176850.0,193977000.0,0.0410048,0.0422,273,1089416.0,9.825682,addition,9.5543927,Q1 2019,MATERIALS,13F,12/31/2021,22.5405,30.33
Rio tinto plc (nyse) adr,RIO,"",2841909.0,190186000.0,0.0402034,0.0431,274,15229.0,0.538759,addition,0.2277569,Q3 2020,MATERIALS,13F,12/31/2021,74.917,81.87
Endava plc,DAVA,"",1116607.0,187501000.0,0.0396358,0.0347,275,-215.0,-0.019251,reduction,2.9050385,Q4 2019,INFORMATION TECHNOLOGY,13F,12/31/2021,88.75,119.3
Wells fargo & co.  (northwest bancorporation),WFC,"",3873782.0,185864000.0,0.0392898,0.0515,276,-982170.0,-20.226106,reduction,0.1018990,Q3 2012,FINANCE,13F,12/31/2021,50.76,46.35
Toast inc,TOST,"",8974885.0,184164640.2,0.0389305,,277,378400.0,4.401799,addition,3.8862100,,INFORMATION TECHNOLOGY,13G,02/28/2022,,19.3
Generac holdlings inc,GNRC,"",522313.0,183812000.0,0.038856,0.0613,278,-133531.0,-20.360177,reduction,0.8188823,Q3 2018,INDUSTRIALS,13F,12/31/2021,83.78,251.19
Novanta inc,NOVT,"",1011187.0,178303000.0,0.0376914,0.0251,279,301204.0,42.424114,addition,2.8381272,Q2 2019,INFORMATION TECHNOLOGY,13F,12/31/2021,131.5272,128.62
Canadian natural resources  ltd,CNQ,"",4214021.0,178061000.0,0.0376403,0.0352,280,-3.0,-0.000071,reduction,0.3609921,Q3 2012,ENERGY,13F,12/31/2021,28.19,65.78
Evertec  inc.,EVTC,"",3464441.0,173201000.0,0.0366129,0.0333,281,277034.0,8.691516,addition,4.8137390,Q3 2019,FINANCE,13F,12/31/2021,39.8872,40.72
Regeneron pharmaceuticals inc.,REGN,"",266000.0,167984000.0,0.0355101,0.1566,282,-865968.0,-76.501103,reduction,0.2516087,Q3 2018,HEALTH CARE,13F,12/31/2021,409.67,733.02
Nextera energy  inc. 4.872% equity units due 09/01/2022,NEE+O,"",2427287.0,165274000.0,0.0349372,0.0192,283,997500.0,69.765636,addition,N/A,Q3 2019,ENERGY,13F,12/31/2021,57.7051,60.55
Lowes companies  inc.,LOW,"",634302.0,163954000.0,0.0346582,0.0294,284,216.0,0.034065,addition,0.0958796,Q1 2021,CONSUMER DISCRETIONARY,13F,12/31/2021,193.892,201.28
Baxter international inc.,BAX,"",1900784.0,163163000.0,0.034491,0.0349,285,2256.0,0.118829,addition,0.3777415,Q4 2019,HEALTH CARE,13F,12/31/2021,82.2443,76.44
Telus international (cda) inc.,TIXT,"",4836550.0,159895000.0,0.0338002,0.0387,286,3673.0,0.076,addition,7.3229618,Q1 2021,INFORMATION TECHNOLOGY,13F,12/31/2021,28.1138,23.94
Lgi homes inc,LGIH,"",1032607.0,159517000.0,0.0337203,0.0322,287,41024.0,4.137223,addition,4.3432201,Q1 2021,CONSUMER DISCRETIONARY,13F,12/31/2021,153.03,90.06
Toll brothers  inc.,TOL,"",2112128.0,152897000.0,0.0323209,0.0414,288,-1162170.0,-35.493715,reduction,1.8006360,Q3 2020,CONSUMER DISCRETIONARY,13F,12/31/2021,55.08,46.18
Heico corp.,HEI,"",1056313.0,152341000.0,0.0322033,0.0312,289,19895.0,1.919592,addition,1.9388446,Q1 2020,INDUSTRIALS,13F,12/31/2021,79.5416,147.79
Fti consulting  inc.,FCN,"",973206.0,149309000.0,0.0315624,0.03,290,0.0,0.0,,2.8334398,Q3 2019,INDUSTRIALS,13F,12/31/2021,128.82,162.95
Teradata corp.,TDC,"",3454835.0,146727000.0,0.0310166,0.0432,291,163061.0,4.95359,addition,3.3704818,Q1 2017,INFORMATION TECHNOLOGY,13F,12/31/2021,37.2772,45.68
Huazhu grp ltd ads adr,HTHT,"",3918735.0,146326000.0,0.0309318,0.0361,292,479917.0,13.955871,addition,1.1993139,Q3 2018,CONSUMER DISCRETIONARY,13F,12/31/2021,45.9574,33.43
Genmab a/s,GMAB,"",3669415.0,146255000.0,0.0309168,0.0358,293,-27120.0,-0.73366,reduction,0.5582206,Q2 2020,HEALTH CARE,13F,12/31/2021,35.4,36.75
Stmicroelectronics n.v. ads adr,STM,"",2773707.0,136439000.0,0.0288418,0.026,294,147924.0,5.63352,addition,0.3046156,Q2 2020,INFORMATION TECHNOLOGY,13F,12/31/2021,38.4288,36.55
Heico corp.  class a,HEI.A,"",1052986.0,135374000.0,0.0286167,0.0284,295,6294.0,0.601323,addition,1.2936911,Q1 2020,INDUSTRIALS,13F,12/31/2021,82.5663,122.41
Liveramp holdings inc,RAMP,"",2821017.0,135268000.0,0.0285943,0.0292,296,112203.0,4.142145,addition,4.1381991,Q3 2018,INFORMATION TECHNOLOGY,13F,12/31/2021,47.1338,35.98
Global payments inc.,GPN,"",973682.0,131622000.0,0.0278236,0.0219,297,364768.0,59.904683,addition,0.3456651,Q2 2017,INFORMATION TECHNOLOGY,13F,12/31/2021,121.4843,139.95
Grab holdings limited,GRAB,"",18952200.0,131126000.0,0.0277187,,298,18952200.0,,new,0.5238008,Q4 2021,FINANCE,13F,12/31/2021,7.13,3.2
Kadant inc.,KAI,"",567165.0,130720000.0,0.0276329,0.0265,299,0.0,0.0,,4.8804794,Q1 2021,INDUSTRIALS,13F,12/31/2021,187.46,189.18
Legend biotech corp ads,LEGN,"",2798982.0,130461000.0,0.0275781,0.031,300,113131.0,4.21211,addition,1.8181524,Q2 2020,HEALTH CARE,13F,12/31/2021,41.6298,40.64
Ryan specialty group holdings inc,RYAN,"",3142400.0,126796000.0,0.0268034,0.0243,301,0.0,0.0,,2.8594685,Q3 2021,FINANCE,13F,12/31/2021,33.87,39.34
Snap inc class a,SNAP,"",2675112.0,125811000.0,0.0265952,,302,2675112.0,,new,0.1952750,Q4 2021,UTILITIES AND TELECOMMUNICATIONS,13F,12/31/2021,47.03,33.19
Intuit  inc.,INTU,"",183148.0,117804000.0,0.0249026,0.0226,303,35.0,0.019114,addition,0.0647595,Q3 2018,INFORMATION TECHNOLOGY,13F,12/31/2021,266.1521,465.11
Fleetcor technologies inc,FLT,"",524265.0,117351000.0,0.0248068,0.0314,304,-842.0,-0.160348,reduction,0.6731133,Q3 2018,INFORMATION TECHNOLOGY,13F,12/31/2021,249.75,258.67
Zebra technologies corp,ZBRA,"",195967.0,116640000.0,0.0246565,0.0231,305,0.0,0.0,,0.3691936,Q3 2018,INFORMATION TECHNOLOGY,13F,12/31/2021,345.89,393.68
Abcellera biologics inc.,ABCL,"",8131951.0,116287000.0,0.0245819,0.0326,306,1022062.0,14.375217,addition,2.8641317,Q4 2020,HEALTH CARE,13F,12/31/2021,24.206,8.99
D.r. horton  inc.,DHI,"",1030826.0,111793000.0,0.0236319,0.0198,307,208.0,0.020182,addition,0.2908995,Q1 2021,CONSUMER DISCRETIONARY,13F,12/31/2021,89.1239,72.51
Hdfc bank ltd adr,HDB,"",1696552.0,110004000.0,0.0232537,0.0279,308,27884.0,1.671033,addition,0.0917940,Q3 2018,FINANCE,13F,12/31/2021,60.4276,58.91
Topbuild corp,BLD,"",387877.0,107019000.0,0.0226227,0.0132,309,106508.0,37.853495,addition,1.1751507,Q3 2020,INDUSTRIALS,13F,12/31/2021,210.8917,170.85
Kkr & co.  inc. 6.00% series c mandatory convertible preferred stock due 09/15/2023,KKR+C,"",1126818.0,104963000.0,0.0221881,,310,1126818.0,,new,N/A,Q4 2021,FINANCE,13F,12/31/2021,93.15,70.59
Genpact ltd,G,"",1963612.0,104229000.0,0.022033,0.0101,311,1030612.0,110.462165,addition,1.0604097,Q1 2021,INDUSTRIALS,13F,12/31/2021,48.205,42.12
Arcosa inc,ACA,"",1967470.0,103686000.0,0.0219182,0.0226,312,0.0,0.0,,4.0723526,Q4 2019,INDUSTRIALS,13F,12/31/2021,49.13,54.44
Euronet worldwide inc.,EEFT,"",866151.0,103219000.0,0.0218194,0.0337,313,-292465.0,-25.242617,reduction,1.6930839,Q1 2018,INFORMATION TECHNOLOGY,13F,12/31/2021,101.75,132.92
Netease inc adr,NTES,"",1003281.0,102799000.0,0.0217307,0.0243,314,-257078.0,-20.397204,reduction,0.1495246,Q3 2020,COMMUNICATIONS,13F,12/31/2021,102.65,95.06
Sentinelone inc,S,"",2027124.0,102349000.0,0.0216355,0.0248,315,0.0,0.0,,4.8637084,Q2 2021,INFORMATION TECHNOLOGY,13F,12/31/2021,42.65,37.12
Berkshire hathaway inc class b,BRK.B,"",327698.0,97982000.0,0.0207124,0.0204,316,-1.0,-0.000305,reduction,0.0254496,Q3 2017,FINANCE,13F,12/31/2021,207.82,344.33
Cummins inc,CMI,"",448910.0,97925000.0,0.0207003,0.0229,317,2759.0,0.6184,addition,0.3151866,Q1 2020,INDUSTRIALS,13F,12/31/2021,143.6606,195.94
Bjs wholesale club holdings inc,BJ,"",1455608.0,97482000.0,0.0206067,0.0183,318,0.0,0.0,,1.0759209,Q1 2021,CONSUMER DISCRETIONARY,13F,12/31/2021,44.86,67.37
Enpro industries inc,NPO,"",875976.0,96419000.0,0.020382,0.0165,319,45842.0,5.522241,addition,4.1814904,Q4 2020,INDUSTRIALS,13F,12/31/2021,88.8517,97.93
Esco technologies inc,ESE,"",1056182.0,95046000.0,0.0200918,0.0086,320,565386.0,115.19776,addition,4.0633768,Q1 2021,INDUSTRIALS,13F,12/31/2021,96.2726,64.56
Toronto-dominion bank (the),TD,"",1202823.0,92232000.0,0.0194969,0.0182,321,-378.0,-0.031416,reduction,0.0661331,Q2 2013,FINANCE,13F,12/31/2021,41.8,74.5
Makemytrip ltd,MMYT,"",3287384.0,91093000.0,0.0192561,0.0088,322,1877781.0,133.213465,addition,5.0524556,Q4 2020,CONSUMER DISCRETIONARY,13F,12/31/2021,28.7348,26.39
Nextera energy  inc. 6.219% equity units due 9/1/2023,NEE+Q,"",1537400.0,89031000.0,0.0188202,0.0057,323,1052600.0,217.120462,addition,N/A,Q3 2021,UTILITIES AND TELECOMMUNICATIONS,13F,12/31/2021,55.7657,51.96
Yeti holdings inc,YETI,"",1073312.0,88902000.0,0.018793,0.021,324,0.0,0.0,,1.2329599,Q3 2019,CONSUMER DISCRETIONARY,13F,12/31/2021,38.39,54.27
Kratos defense & security solutions inc,KTOS,"",4582254.0,88896000.0,0.0187917,0.0191,325,844409.0,22.590798,addition,3.6762986,Q3 2018,INDUSTRIALS,13F,12/31/2021,18.0377,19.19
Totalenergies se,TTE,"",1769844.0,88439000.0,0.0186951,0.024,326,-432896.0,-19.652614,reduction,0.0678163,Q2 2020,ENERGY,13F,12/31/2021,42.22,50.9
Diageo plc adr,DEO,"",400922.0,87874000.0,0.0185757,0.018,327,-11910.0,-2.884951,reduction,0.0694125,Q2 2020,CONSUMER STAPLES,13F,12/31/2021,141.25,209.22
Fabrinet,FN,"",735031.0,87079000.0,0.0184076,0.0172,328,0.0,0.0,,1.9868207,Q2 2020,INFORMATION TECHNOLOGY,13F,12/31/2021,78.41,95.41
Colgate-palmolive co.,CL,"",997202.0,85101000.0,0.0179895,0.0172,329,-344.0,-0.034485,reduction,0.1186307,Q3 2012,CONSUMER STAPLES,13F,12/31/2021,26.97,80.94
Banco bilbao vizcaya argentaria sa adr,BBVA,"",14299659.0,84225000.0,0.0178043,0.0207,330,651906.0,4.776654,addition,0.2144556,Q3 2020,FINANCE,13F,12/31/2021,5.0206,5.41
Zoetis  inc.,ZTS,"",342841.0,83663000.0,0.0176855,0.0152,331,503.0,0.146931,addition,0.0726403,Q1 2020,HEALTH CARE,13F,12/31/2021,119.4031,187.3
Flextronics international inc.,FLEX,"",4526035.0,82962000.0,0.0175373,0.0734,332,-13626073.0,-75.066064,reduction,0.9752571,Q2 2019,INFORMATION TECHNOLOGY,13F,12/31/2021,10.47,17.08
Teva pharmaceutical industries ltd  adr,TEVA,"",9992611.0,80041000.0,0.0169199,0.0223,333,-8924.0,-0.089226,reduction,0.9059425,Q1 2020,HEALTH CARE,13F,12/31/2021,9.9,10.19
Leslies  inc.,LESL,"",3329961.0,78787000.0,0.0166548,0.0135,334,455400.0,15.842419,addition,1.8242422,Q4 2020,CONSUMER DISCRETIONARY,13F,12/31/2021,24.7304,20.9
Smartsheet inc,SMAR,"",986952.0,76439000.0,0.0161584,0.024,335,-539331.0,-35.336238,reduction,0.7786464,Q3 2018,INFORMATION TECHNOLOGY,13F,12/31/2021,42.89,52.26
Turing holding corp,TWKS,"",2850000.0,76409000.0,0.0161521,0.0187,336,0.0,0.0,,0.9340214,Q3 2021,INFORMATION TECHNOLOGY,13F,12/31/2021,28.71,20.11
Kornit digital ltd,KRNT,"",477646.0,72722000.0,0.0153727,0.0077,337,245968.0,106.168044,addition,1.0265944,Q3 2021,INFORMATION TECHNOLOGY,13F,12/31/2021,148.6073,73.0
Pfizer  inc.,PFE,"",1219447.0,72008000.0,0.0152218,0.012,338,-630.0,-0.051636,reduction,0.0215916,Q3 2012,HEALTH CARE,13F,12/31/2021,30.32,53.12
Advanced energy industries inc,AEIS,"",780511.0,71073000.0,0.0150241,0.0157,339,0.0,0.0,,2.0781105,Q2 2021,INFORMATION TECHNOLOGY,13F,12/31/2021,105.21,73.98
Nextera energy  inc. 5.279% equity units due 3/01/2023,NEE+P,"",1212100.0,69744000.0,0.0147432,0.0141,340,0.0,0.0,,N/A,Q3 2021,UTILITIES AND TELECOMMUNICATIONS,13F,12/31/2021,50.96,51.69
Nasdaq inc,NDAQ,"",330176.0,69340000.0,0.0146578,0.014,341,13808.0,4.364538,addition,0.2008222,Q1 2017,FINANCE,13F,12/31/2021,86.6252,178.55
Silvergate capital corp.,SI,"",463210.0,68648000.0,0.0145115,0.0036,342,325310.0,235.902828,addition,1.4647189,Q3 2021,FINANCE,13F,12/31/2021,138.465,118.18
Dlocal limited cl a,DLO,"",1914113.0,68315000.0,0.0144411,0.0086,343,1223771.0,177.270252,addition,1.3271978,Q2 2021, ,13F,12/31/2021,27.5571,27.27
Resideo technologies inc,REZI,"",2527864.0,65800000.0,0.0139094,0.0143,344,0.0,0.0,,1.7431300,Q2 2021,INDUSTRIALS,13F,12/31/2021,28.58,22.83
Koninklijke philips electronics nv adr,PHG,"",1752561.0,65015000.0,0.0137435,0.02,345,-200124.0,-10.248658,reduction,0.1982762,Q4 2019,INDUSTRIALS,13F,12/31/2021,50.09,29.26
Autodesk  inc.,ADSK,"",225677.0,63458000.0,0.0134144,,346,225677.0,,new,0.1038512,Q4 2021,INFORMATION TECHNOLOGY,13F,12/31/2021,281.19,196.73
Newmont mining corp. (holding co.),NEM,"",1018884.0,63191000.0,0.0133579,0.0126,347,98.0,0.009619,addition,0.1285578,Q4 2018,MATERIALS,13F,12/31/2021,48.7013,84.77
Renaissancere holdings ltd,RNR,"",358600.0,60722000.0,0.012836,0.0114,348,0.0,0.0,,0.8153259,Q3 2018,FINANCE,13F,12/31/2021,149.53,154.16
Credicorp ltd adr,BAP,"",493714.0,60268000.0,0.01274,0.0002,349,485106.0,5635.525093,addition,0.5231001,Q4 2016,FINANCE,13F,12/31/2021,121.8759,144.81
Xpeng inc.,XPEV,"",1185256.0,59654000.0,0.0126102,0.0096,350,2535.0,0.214336,addition,0.1821076,Q4 2020,CONSUMER DISCRETIONARY,13F,12/31/2021,38.8646,26.93
Axon enterprise inc,AXON,"",377291.0,59235000.0,0.0125217,0.002,351,326691.0,645.634387,addition,0.5319061,Q1 2021,INDUSTRIALS,13F,12/31/2021,155.0446,123.22
Adaptive biotechnologies corp,ADPT,"",2093732.0,58750000.0,0.0124192,0.0163,352,0.0,0.0,,1.4787943,Q2 2019,HEALTH CARE,13F,12/31/2021,37.84,10.82
Radian group inc.,RDN,"",2778751.0,58715000.0,0.0124118,0.0144,353,0.0,0.0,,1.5831031,Q4 2020,FINANCE,13F,12/31/2021,20.25,22.24
Loma negra cia industrial argentina sa,LOMA,"",8311809.0,55440000.0,0.0117195,0.0136,354,-13162.0,-0.158103,reduction,6.9726842,Q2 2018,INDUSTRIALS,13F,12/31/2021,8.5,6.5
Nokia corp. adr class a adr,NOK,"",8364455.0,52361000.0,0.0110686,,355,8364455.0,,new,0.1468411,Q4 2021,INFORMATION TECHNOLOGY,13F,12/31/2021,6.22,5.11
Sun country airlines holdings inc,SNCY,"",1898534.0,51735000.0,0.0109363,0.0146,356,145.0,0.007638,addition,3.2805487,Q1 2021,TRANSPORTS,13F,12/31/2021,35.9993,27.21
Archer aviation inc,ACHR,"",8517948.0,51448000.0,0.0108756,0.0163,357,312.0,0.003663,addition,5.0983561,Q3 2021,FINANCE,13F,12/31/2021,8.8799,4.07
Csw industrials inc,CSWI,"",415719.0,50244000.0,0.0106211,0.0121,358,0.0,0.0,,2.6270630,Q1 2021,MATERIALS,13F,12/31/2021,128.03,109.71
Silicon laboratories inc,SLAB,"",231815.0,47851000.0,0.0101152,0.0074,359,0.0,0.0,,0.6074860,Q3 2021,INFORMATION TECHNOLOGY,13F,12/31/2021,140.16,132.73
Btc ishares msci acwi etf,ACWI,"",440679.0,46690000.0,0.00986979,0.0034,360,293773.0,199.973452,addition,No Data,Q3 2020,FINANCE,13F,12/31/2021,103.1131,97.11
Hamilton lane inc,HLNE,"",442970.0,45901000.0,0.009703,0.0086,361,0.0,0.0,,1.1909606,Q2 2021,FINANCE,13F,12/31/2021,87.5,73.48
Ing groep nv ads adr,ING,"",3290826.0,45677000.0,0.00965565,0.0103,362,233546.0,7.639012,addition,0.0842931,Q1 2021,FINANCE,13F,12/31/2021,12.5265,10.17
Qualtrics intl inc,XM,"",1276855.0,45201000.0,0.00955503,0.0171,363,-472990.0,-27.030394,reduction,0.8075759,Q1 2021,INFORMATION TECHNOLOGY,13F,12/31/2021,32.91,27.35
Mgic investment corp. (1984),MTG,"",3101550.0,44724000.0,0.0094542,0.0106,364,0.0,0.0,,0.9827315,Q4 2020,FINANCE,13F,12/31/2021,13.57,13.41
Essent group ltd,ESNT,"",980365.0,44636000.0,0.0094356,0.0099,365,0.0,0.0,,0.9012272,Q1 2021,FINANCE,13F,12/31/2021,47.15,41.69
Advanced drainage systems inc,WMS,"",323056.0,43978000.0,0.0092965,0.008,366,0.0,0.0,,0.4491891,Q4 2020,INDUSTRIALS,13F,12/31/2021,83.58,108.08
Cactus inc,WHD,"",1149091.0,43815000.0,0.00926204,0.0112,367,-151700.0,-11.662135,reduction,1.9464494,Q3 2018,INDUSTRIALS,13F,12/31/2021,35.17,60.27
Nexa resources sa,NEXA,"",5534149.0,43498000.0,0.00919503,0.0096,368,1181.0,0.021345,addition,4.1786523,Q4 2017,MATERIALS,13F,12/31/2021,11.0893,10.0
Figs inc,FIGS,"",1553300.0,42809000.0,0.00904939,0.0085,369,553300.0,55.33,addition,1.0211742,Q2 2021,CONSUMER DISCRETIONARY,13F,12/31/2021,42.071,19.45
Docusign inc,DOCU,"",274685.0,41837000.0,0.00884392,,370,274685.0,,new,0.1388164,Q4 2021,INFORMATION TECHNOLOGY,13F,12/31/2021,152.31,99.53
Bumble inc,BMBL,"",1222539.0,41395000.0,0.00875048,0.0068,371,625810.0,104.873401,addition,0.9442959,Q1 2021,INFORMATION TECHNOLOGY,13F,12/31/2021,47.7759,25.91
Cognex corp,CGNX,"",530000.0,41213000.0,0.00871201,0.0097,372,0.0,0.0,,0.3047870,Q3 2020,INFORMATION TECHNOLOGY,13F,12/31/2021,65.1,70.22
Paymentus holdings inc,PAY,"",1143000.0,39982000.0,0.00845179,0.0042,373,393000.0,52.4,addition,6.4650981,Q2 2021,INFORMATION TECHNOLOGY,13F,12/31/2021,19.7307,18.62
Upstart holdings  inc.,UPST,"",262635.0,39737000.0,0.0084,0.0255,374,-89830.0,-25.486218,reduction,0.3124519,Q4 2020,FINANCE,13F,12/31/2021,40.75,82.61
Live oak bancshares inc,LOB,"",400900.0,34995000.0,0.00739759,,375,400900.0,,new,0.9170428,Q4 2021,FINANCE,13F,12/31/2021,87.29,46.97
Vicor corp,VICR,"",274763.0,34889000.0,0.00737518,,376,274763.0,,new,0.8540220,Q4 2021,INDUSTRIALS,13F,12/31/2021,126.98,60.42
Perficient inc.,PRFT,"",269208.0,34806000.0,0.00735763,,377,269208.0,,new,0.7786994,Q4 2021,INFORMATION TECHNOLOGY,13F,12/31/2021,129.29,108.08
Gentherm inc.,THRM,"",400500.0,34803000.0,0.007357,,378,400500.0,,new,1.2128449,Q4 2021,CONSUMER DISCRETIONARY,13F,12/31/2021,86.9,69.09
Graco inc.,GGG,"",420000.0,33860000.0,0.00715766,0.0067,379,0.0,0.0,,0.2480190,Q3 2018,INDUSTRIALS,13F,12/31/2021,46.34,65.22
Novavax  inc,NVAX,"",235000.0,33621000.0,0.00710714,0.0111,380,0.0,0.0,,0.3080635,Q1 2021,HEALTH CARE,13F,12/31/2021,181.31,58.55
Cabot microelectronics corp,CCMP,"",175355.0,33614000.0,0.00710566,0.0105,381,-196000.0,-52.779685,reduction,0.6136095,Q3 2019,INFORMATION TECHNOLOGY,13F,12/31/2021,136.25,176.2
Nu holdings ltd,NU,"",3542313.0,33227000.0,0.00702385,,382,3542313.0,,new,No Data,Q4 2021,INFORMATION TECHNOLOGY,13F,12/31/2021,9.38,7.03
Xenon pharmaceuticals inc,XENE,"",1055726.0,32981000.0,0.00697185,0.0037,383,0.0,0.0,,2.0333139,Q3 2018,HEALTH CARE,13F,12/31/2021,12.86,33.77
Patria investments ltd,PAX,"",1977408.0,32034000.0,0.00677166,0.0074,384,0.0,0.0,,3.8210783,Q1 2021,FINANCE,13F,12/31/2021,17.42,16.23
Alteryx inc,AYX,"",523076.0,31646000.0,0.00668964,0.0022,385,390076.0,293.290226,addition,0.8736390,Q3 2018,INFORMATION TECHNOLOGY,13F,12/31/2021,73.3658,72.02
Henry (jack) & associates  inc.,JKHY,"",185788.0,31069000.0,0.00656767,0.0065,386,12243.0,7.054654,addition,0.2551156,Q4 2014,INFORMATION TECHNOLOGY,13F,12/31/2021,141.6571,200.49
International business machines corp.,IBM,"",231325.0,30919000.0,0.00653596,0.0073,387,13.0,0.00562,addition,0.0257225,Q4 2020,INFORMATION TECHNOLOGY,13F,12/31/2021,125.8904,126.56
Nmi holdings inc,NMIH,"",1412927.0,30872000.0,0.00652603,0.0073,388,0.0,0.0,,1.6460049,Q4 2020,FINANCE,13F,12/31/2021,22.65,19.38
Lululemon athletica inc.,LULU,"",76709.0,30028000.0,0.00634761,0.0071,389,0.0,0.0,,0.0618168,Q3 2021,CONSUMER DISCRETIONARY,13F,12/31/2021,404.7,390.78
Ufp industries inc,UFPI,"",301905.0,27778000.0,0.00587199,0.0047,390,0.0,0.0,,0.4862757,Q1 2021,INDUSTRIALS,13F,12/31/2021,74.85,73.24
Upwork inc,UPWK,"",777246.0,26551000.0,0.00561261,0.008,391,0.0,0.0,,0.6015108,Q2 2019,COMMUNICATIONS,13F,12/31/2021,10.39,20.86
Bright health group inc,BHG,"",7540188.0,25938000.0,0.00548303,0.0192,392,-2728603.0,-26.571804,reduction,1.1992323,Q2 2021,FINANCE,13F,12/31/2021,17.16,1.86
Vimeo inc,VMEO,"",1415033.0,25414000.0,0.00537226,0.0108,393,-187787.0,-11.716038,reduction,0.9024742,Q3 2021,INFORMATION TECHNOLOGY,13F,12/31/2021,29.37,11.2
Revance therapeutics inc,RVNC,"",1545630.0,25225000.0,0.00533231,0.0098,394,0.0,0.0,,2.1638037,Q3 2018,HEALTH CARE,13F,12/31/2021,20.95,18.6
Magnolia oil & gas corp class a,MGY,"",1323743.0,24979000.0,0.00528031,0.0066,395,-308257.0,-18.888297,reduction,0.7195124,Q1 2021,FINANCE,13F,12/31/2021,11.48,26.24
Alibaba group holding ltd adr,BABA,"",201821.0,24030000.0,0.0050797,0.0085,396,-49565.0,-19.716691,reduction,0.0074448,Q2 2016,COMMUNICATIONS,13F,12/31/2021,207.65,95.49
Allogene therapeutics inc,ALLO,"",1579109.0,23560000.0,0.00498034,0.0208,397,-1955278.0,-55.321559,reduction,1.1061904,Q4 2018,HEALTH CARE,13F,12/31/2021,32.02,8.25
Sandstorm gold ltd,SAND,"",3721152.0,23071000.0,0.00487697,0.0049,398,0.0,0.0,,1.9415943,Q3 2018,MATERIALS,13F,12/31/2021,5.75,8.91
Spotify technology sa,SPOT,"",92363.0,21616000.0,0.0045694,0.0048,399,-14.0,-0.015155,reduction,0.0515284,Q2 2021,COMMUNICATIONS,13F,12/31/2021,275.59,136.27
Olink holding ab (publ),OLK,"",1177156.0,21424000.0,0.00452882,0.0065,400,0.0,0.0,,0.9891480,Q1 2021,INFORMATION TECHNOLOGY,13F,12/31/2021,35.76,15.53
Duck creek technologies  inc.,DCT,"",694904.0,20924000.0,0.00442312,0.0149,401,-773993.0,-52.692122,reduction,0.5260569,Q2 2021,INFORMATION TECHNOLOGY,13F,12/31/2021,43.51,17.63
Del taco restaurants inc,TACO,"",1679288.0,20907000.0,0.00441953,0.0048,402,-723262.0,-30.103931,reduction,4.6080822,Q4 2018,CONSUMER DISCRETIONARY,13F,12/31/2021,10.0,
Insulet corp,PODD,"",77900.0,20727000.0,0.00438148,0.0051,403,0.0,0.0,,0.1125436,Q3 2018,HEALTH CARE,13F,12/31/2021,146.49,263.5
Phreesia inc,PHR,"",480950.0,20036000.0,0.00423541,0.0112,404,-314434.0,-39.532352,reduction,0.9386247,Q3 2019,INFORMATION TECHNOLOGY,13F,12/31/2021,23.75,27.63
Quantum-si incorporated,QSI,"",2500000.0,19675000.0,0.00415909,0.0048,405,0.0,0.0,,2.1056508,Q2 2021,FINANCE,13F,12/31/2021,12.26,4.23
Avalara inc,AVLR,"",150987.0,19494000.0,0.00412083,0.006,406,28.0,0.018548,addition,0.1725831,Q2 2020,INFORMATION TECHNOLOGY,13F,12/31/2021,128.1302,91.5
Monster beverage corp.,MNST,"",200394.0,19246000.0,0.00406841,0.0041,407,46.0,0.02296,addition,0.0378560,Q1 2021,CONSUMER STAPLES,13F,12/31/2021,91.0911,82.59
Sana biotechnology inc,SANA,"",1200000.0,18576000.0,0.00392678,0.0062,408,0.0,0.0,,0.6331004,Q1 2021,HEALTH CARE,13F,12/31/2021,33.47,8.36
Cortexyme inc,CRTX,"",1461827.0,18448000.0,0.00389972,0.0624,409,-1514024.0,-50.87701,reduction,4.8492361,Q3 2019,HEALTH CARE,13F,12/31/2021,45.54,4.66
Danimer scientific inc,DNMR,"",2074887.0,17678000.0,0.00373695,0.0078,410,0.0,0.0,,2.0594368,Q1 2021,FINANCE,13F,12/31/2021,,5.0
Open lending corp,LPRO,"",783641.0,17616000.0,0.00372384,0.0047,411,208000.0,36.133632,addition,0.6208633,Q3 2021,FINANCE,13F,12/31/2021,32.4628,15.78
Blend labs inc,BLND,"",2136882.0,15685000.0,0.00331565,0.0046,412,644941.0,43.228318,addition,0.9846338,Q3 2021,INFORMATION TECHNOLOGY,13F,12/31/2021,11.6269,4.79
Spdr s&p 500 etf trust,SPY,"",30838.0,14684000.0,0.00310405,0.0019,413,11407.0,58.705162,addition,No Data,Q1 2020,FINANCE,13F,12/31/2021,434.9298,437.79
Maxlinear inc,MXL,"",171490.0,12929000.0,0.00273306,0.0008,414,102182.0,147.431754,addition,0.2233380,Q3 2021,INFORMATION TECHNOLOGY,13F,12/31/2021,64.8255,45.12
Cellectis s.a. adr,CLLS,"",1592054.0,12927000.0,0.00273264,0.0039,415,252718.0,18.868902,addition,3.5002268,Q4 2018,HEALTH CARE,13F,12/31/2021,12.3011,4.13
Sweetgreen inc,SG,"",400000.0,12800000.0,0.00270579,,416,400000.0,,new,0.4132080,Q4 2021,CONSUMER DISCRETIONARY,13F,12/31/2021,32.0,26.97
Gracell biotechnologies inc. adr,GRCL,"",2093416.0,12644000.0,0.00267281,0.0044,417,693928.0,49.584419,addition,3.1013855,Q1 2021,HEALTH CARE,13F,12/31/2021,12.0968,2.06
Fair isaac corp,FICO,"",29100.0,12620000.0,0.00266774,0.0026,418,0.0,0.0,,0.1107322,Q4 2018,INFORMATION TECHNOLOGY,13F,12/31/2021,227.35,413.72
Berkshire hathaway inc class a,BRK.A,"",26.0,11717000.0,0.00247685,0.0024,419,0.0,0.0,,0.0042298,Q3 2018,FINANCE,13F,12/31/2021,306548.85,516435.0
Kinsale capital group inc,KNSL,"",48993.0,11655000.0,0.00246375,,420,48993.0,,new,0.2145045,Q4 2021,FINANCE,13F,12/31/2021,237.89,
Vanguard developed markets index fund-etf shares,VEA,"",228138.0,11653000.0,0.00246333,0.0012,421,127897.0,127.589509,addition,No Data,Q3 2020,FINANCE,13F,12/31/2021,46.9913,47.01
Coca cola co.,KO,"",192032.0,11370000.0,0.0024035,0.0035,422,-99515.0,-34.133433,reduction,0.0044298,Q3 2012,CONSUMER STAPLES,13F,12/31/2021,43.63,65.02
Applied molecular transport inc.,AMTI,"",775300.0,10839000.0,0.00229125,0.0046,423,0.0,0.0,,2.0057748,Q2 2020,HEALTH CARE,13F,12/31/2021,28.33,5.11
Karuna therapeutics inc,KRTX,"",78600.0,10297000.0,0.00217668,0.0022,424,0.0,0.0,,0.2636851,Q1 2020,HEALTH CARE,13F,12/31/2021,72.0,137.7
Vanguard total world stock etf,VT,"",88169.0,9498000.0,0.00200778,0.0003,425,77115.0,697.620771,addition,No Data,Q4 2019,FINANCE,13F,12/31/2021,105.1883,98.6
Grifols s.a. adr,GRFS,"",818512.0,9199000.0,0.00194457,0.0038,426,-324713.0,-28.403245,reduction,0.3130963,Q4 2018,HEALTH CARE,13F,12/31/2021,17.94,10.76
Adagene inc,ADAG,"",1137532.0,9112000.0,0.00192618,0.0038,427,0.0,0.0,,2.6104130,Q1 2021,HEALTH CARE,13F,12/31/2021,17.27,3.71
Hippo holdings inc,HIPO,"",3011572.0,8523000.0,0.00180168,0.0032,428,154.0,0.005114,addition,0.5318296,Q3 2021,FINANCE,13F,12/31/2021,4.6799,1.98
Wpp plc ads adr,WPP,"",109899.0,8319000.0,0.00175855,0.0009,429,52246.0,90.621477,addition,0.0488446,Q3 2021,COMMUNICATIONS,13F,12/31/2021,71.0857,63.6
Deere & co.,DE,"",24103.0,8247000.0,0.00174333,0.0019,430,219.0,0.916932,addition,0.0078567,Q1 2017,INDUSTRIALS,13F,12/31/2021,141.7939,436.75
Kronos bio  inc.,KRON,"",600000.0,8154000.0,0.00172367,0.0029,431,0.0,0.0,,1.0648250,Q4 2020,HEALTH CARE,13F,12/31/2021,29.87,5.89
Ishares global 100 etf,IOO,"",102546.0,8024000.0,0.00169619,,432,102546.0,,new,No Data,Q4 2021,FINANCE,13F,12/31/2021,78.01,73.77
Nucana plc adr,NCNA,"",2977153.0,7086000.0,0.00149791,0.0018,433,0.0,0.0,,5.7055443,Q3 2018,HEALTH CARE,13F,12/31/2021,12.12,0.98
Cenovus energy inc,CVE,"",570800.0,6999000.0,0.00147952,,434,570800.0,,new,0.0287909,Q4 2021,ENERGY,13F,12/31/2021,12.28,17.47
Gol linhas aereas inteligentes s.a. adr,GOL,"",1024490.0,6198000.0,0.00131019,0.0018,435,0.0,0.0,,0.6517916,Q4 2018,TRANSPORTS,13F,12/31/2021,12.95,6.99
Alkami technology inc,ALKT,"",300000.0,6018000.0,0.00127214,0.0017,436,0.0,0.0,,0.3325164,Q2 2021, ,13F,12/31/2021,35.67,12.01
Neurocrine biosciences inc.,NBIX,"",57577.0,4904000.0,0.00103666,0.0098,437,-389442.0,-87.119787,reduction,0.0604529,Q3 2018,HEALTH CARE,13F,12/31/2021,80.36,99.27
Privia health group inc,PRVA,"",189470.0,4902000.0,0.00103623,0.007,438,-1110506.0,-85.425116,reduction,0.1779085,Q2 2021, ,13F,12/31/2021,44.37,28.21
Organon & co,OGN,"",153489.0,4674000.0,0.000988036,0.0052,439,-534909.0,-77.703451,reduction,0.0605152,Q2 2021,HEALTH CARE,13F,12/31/2021,30.26,34.9
Ncino inc.,NCNO,"",83750.0,4595000.0,0.000971336,0.0014,440,0.0,0.0,,0.0877515,Q3 2020,FINANCE,13F,12/31/2021,79.68,40.83
Rubius therapeutics inc,RUBY,"",416396.0,4031000.0,0.000852112,0.0017,441,0.0,0.0,,0.4622487,Q3 2018,HEALTH CARE,13F,12/31/2021,24.0,1.99
Schrodinger  inc.,SDGR,"",106500.0,3709000.0,0.000784045,0.0029,442,-125584.0,-54.111442,reduction,0.1721258,Q1 2020,INFORMATION TECHNOLOGY,13F,12/31/2021,43.12,29.82
Las vegas sands corp,LVS,"",89183.0,3360000.0,0.00071027,0.0036,443,-344904.0,-79.45504,reduction,0.0116733,Q2 2015,CONSUMER DISCRETIONARY,13F,12/31/2021,50.9,36.96
Canadian national railway co.,CNI,"",25695.0,3151000.0,0.000666089,0.0007,444,-640.0,-2.430226,reduction,0.0036846,Q3 2019,TRANSPORTS,13F,12/31/2021,97.26,127.19
Momentus inc,MNTS,"",477529.0,1996000.0,0.000421934,0.0054,445,-1747471.0,-78.538022,reduction,0.5880046,Q3 2021,FINANCE,13F,12/31/2021,10.6,3.46
Yum china holdings inc,YUMC,"",24112.0,1188000.0,0.000251131,0.0173,446,-1281039.0,-98.152551,reduction,0.0056655,Q2 2020,CONSUMER DISCRETIONARY,13F,12/31/2021,49.73,41.84
Royal dutch shell plc class b adr,RDS.B,"",26391.0,1146000.0,0.000242253,0.0002,447,2355.0,9.797803,addition,N/A,Q3 2012,ENERGY,13F,12/31/2021,44.1879,
Momentus inc,MNTSW,"",2225000.0,1090000.0,0.000230415,0.0014,448,0.0,0.0,,N/A,Q3 2021, ,13F,12/31/2021,,
Ishares russell 1000 etf,IWB,"",2731.0,725000.0,0.000153258,0.0001,449,1775.0,185.669456,addition,No Data,Q3 2020,FINANCE,13F,12/31/2021,237.6963,242.44
Ishares russell 1000 value etf,IWD,"",4155.0,698000.0,0.00014755,,450,4155.0,,new,No Data,Q4 2021,FINANCE,13F,12/31/2021,167.93,165.23
Spdr msci acwi ex-us etf,CWI,"",19782.0,581000.0,0.000122817,,451,19782.0,,new,No Data,Q4 2021,FINANCE,13F,12/31/2021,29.31,26.98
Telus corp. non-voting shares,TU,"",21463.0,505000.0,0.000106752,0.0001,452,0.0,0.0,,0.0015601,Q3 2019,UTILITIES AND TELECOMMUNICATIONS,13F,12/31/2021,14.03,26.73
Ishares core s&p 500 etf,IVV,"",940.0,450000.0,9.51254e-05,0.0002,453,-568.0,-37.665782,reduction,No Data,Q4 2020,FINANCE,13F,12/31/2021,385.78,439.7
Azul sa adr,AZUL,"",30831.0,407000.0,8.60357e-05,0.0012,454,-221893.0,-87.800525,reduction,0.0277191,Q4 2018,TRANSPORTS,13F,12/31/2021,23.24,14.7
Restaurant brands international inc,QSR,"",6300.0,382000.0,8.07509e-05,0.0001,455,0.0,0.0,,0.0020329,Q3 2021,CONSUMER DISCRETIONARY,13F,12/31/2021,61.19,60.43
Shaw communications inc class b,SJR,"",11481.0,348000.0,7.35637e-05,0.0001,456,0.0,0.0,,0.0024081,Q3 2019,COMMUNICATIONS,13F,12/31/2021,18.25,30.83
Biomarin pharmaceutical inc,BMRN,"",3864.0,344000.0,7.27181e-05,0.0097,457,-543937.0,-99.294634,reduction,0.0020996,Q3 2018,HEALTH CARE,13F,12/31/2021,84.99,82.95
Fortis inc,FTS,"",6560.0,317000.0,6.70106e-05,0.0001,458,0.0,0.0,,0.0013814,Q3 2019,UTILITIES AND TELECOMMUNICATIONS,13F,12/31/2021,42.33,50.33
Vanguard ftse all-world ex-us etf,VEU,"",4972.0,305000.0,6.44739e-05,0.0001,459,783.0,18.691812,addition,No Data,Q2 2021,FINANCE,13F,12/31/2021,63.0493,56.43
Sun life financial inc,SLF,"",5374.0,299000.0,6.32056e-05,0.0001,460,0.0,0.0,,0.0009170,Q3 2019,FINANCE,13F,12/31/2021,44.81,54.61
Citigroup  inc.,C,"",0.0,0.0,0.0,0.0003,461,-19575.0,-100.0,soldall,0.0000000,Q1 2021,FINANCE,13F,12/31/2021,72.75,50.93
Parker-hannifin corp.,PH,"",0.0,0.0,0.0,0.0207,462,-324168.0,-100.0,soldall,0.0000000,Q3 2021,INDUSTRIALS,13F,12/31/2021,279.62,273.87
Potlatchdeltic corp,PCH,"",0.0,0.0,0.0,0.0118,463,-1000000.0,-100.0,soldall,0.0000000,Q2 2021,REAL ESTATE,13F,12/31/2021,53.15,52.56
Nucor corp. (nuclear corp. of america),NUE,"",0.0,0.0,0.0,0.0012,464,-55100.0,-100.0,soldall,0.0000000,Q2 2013,MATERIALS,13F,12/31/2021,42.44,165.32
Newell brands inc,NWL,"",0.0,0.0,0.0,0.0047,465,-934453.0,-100.0,soldall,0.0000000,Q1 2021,CONSUMER DISCRETIONARY,13F,12/31/2021,27.36,22.41
Pool corp,POOL,"",0.0,0.0,0.0,0.0156,466,-156898.0,-100.0,soldall,0.0000000,Q3 2018,CONSUMER DISCRETIONARY,13F,12/31/2021,345.24,414.06
Icf international inc,ICFI,"",0.0,0.0,0.0,0.0012,467,-60182.0,-100.0,soldall,0.0000000,Q4 2020,INDUSTRIALS,13F,12/31/2021,74.33,99.21
Arch capital group ltd.,ACGL,"",0.0,0.0,0.0,0.03,468,-3442596.0,-100.0,soldall,0.0000000,Q3 2018,FINANCE,13F,12/31/2021,30.48,48.98
Amerisourcebergen corp (holding co),ABC,"",0.0,0.0,0.0,0.0194,469,-711619.0,-100.0,soldall,0.0000000,Q2 2020,CONSUMER STAPLES,13F,12/31/2021,100.39,161.21
Pebblebrook hotel trust,PEB,"",0.0,0.0,0.0,0.0174,470,-3400256.0,-100.0,soldall,0.0000000,Q2 2020,REAL ESTATE,13F,12/31/2021,12.82,24.16
Six flags entertainment corp.,SIX,"",0.0,0.0,0.0,0.0143,471,-1472240.0,-100.0,soldall,0.0000000,Q3 2020,COMMUNICATIONS,13F,12/31/2021,23.96,41.37
Catalent inc,CTLT,"",0.0,0.0,0.0,0.0143,472,-471016.0,-100.0,soldall,0.0000000,Q1 2021,HEALTH CARE,13F,12/31/2021,105.31,97.32
Cdk global inc,CDK,"",0.0,0.0,0.0,0.0408,473,-4196309.0,-100.0,soldall,0.0000000,Q4 2019,INFORMATION TECHNOLOGY,13F,12/31/2021,47.93,54.44
Liberty broadband corp class c,LBRDK,"",0.0,0.0,0.0,0.0147,474,-372723.0,-100.0,soldall,0.0000000,Q1 2020,COMMUNICATIONS,13F,12/31/2021,129.56,138.04
Park hotels & resorts inc,PK,"",0.0,0.0,0.0,0.0107,475,-2442625.0,-100.0,soldall,0.0000000,Q2 2020,REAL ESTATE,13F,12/31/2021,10.19,19.16
Allakos inc,ALLK,"",0.0,0.0,0.0,0.0335,476,-1385465.0,-100.0,soldall,0.0000000,Q3 2018,HEALTH CARE,13F,12/31/2021,67.87,5.38
Berkeley lights  inc.,BLI,"",0.0,0.0,0.0,0.0006,477,-124831.0,-100.0,soldall,0.0000000,Q3 2020,HEALTH CARE,13F,12/31/2021,53.0,5.94
Jamf holding corp.,JAMF,"",0.0,0.0,0.0,0.0011,478,-125000.0,-100.0,soldall,0.0000000,Q3 2020,INFORMATION TECHNOLOGY,13F,12/31/2021,37.61,33.85
Vertex  inc.,VERX,"",0.0,0.0,0.0,0.0062,479,-1421080.0,-100.0,soldall,0.0000000,Q3 2020,INFORMATION TECHNOLOGY,13F,12/31/2021,23.01,15.71
Eargo  inc.,EAR,"",0.0,0.0,0.0,0.0002,480,-135000.0,-100.0,soldall,0.0000000,Q4 2020,HEALTH CARE,13F,12/31/2021,42.86,3.91
Airbnb  inc.,ABNB,"",0.0,0.0,0.0,0.0158,481,-411286.0,-100.0,soldall,0.0000000,Q4 2020,CONSUMER DISCRETIONARY,13F,12/31/2021,146.8,170.7
Signify health  inc.,SGFY,"",0.0,0.0,0.0,0.0041,482,-1000000.0,-100.0,soldall,0.0000000,Q1 2021,INFORMATION TECHNOLOGY,13F,12/31/2021,29.26,16.04
Aveanna healthcare holdings inc,AVAH,"",0.0,0.0,0.0,0.0023,483,-1246000.0,-100.0,soldall,0.0000000,Q2 2021,HEALTH CARE,13F,12/31/2021,12.37,3.32
Brookfield asset management reinsurance partners ltd,BAMR,"",0.0,0.0,0.0,0.0001,484,-4031.0,-100.0,soldall,0.0000000,Q2 2021,FINANCE,13F,12/31/2021,52.02,55.23
